Date,Close
2010-01-04,15.576998710632324
2010-01-05,15.508401870727539
2010-01-06,15.117454528808594
2010-01-07,14.76552677154541
2010-01-08,14.96236801147461
2010-01-11,14.939753532409668
2010-01-12,14.675559043884277
2010-01-13,14.591303825378418
2010-01-14,14.65990161895752
2010-01-15,14.415093421936035
2010-01-19,14.604475975036621
2010-01-20,14.425281524658203
2010-01-21,14.489156723022461
2010-01-22,13.669733047485352
2010-01-25,13.420947074890137
2010-01-26,13.48109245300293
2010-01-27,13.473139762878418
2010-01-28,13.279033660888672
2010-01-29,13.170921325683594
2010-02-01,13.247468948364258
2010-02-02,13.200246810913086
2010-02-03,13.441328048706055
2010-02-04,13.092382431030273
2010-02-05,13.204472541809082
2010-02-08,13.258652687072754
2010-02-09,13.33246898651123
2010-02-10,13.283011436462402
2010-02-11,13.331474304199219
2010-02-12,13.249955177307129
2010-02-16,13.45325756072998
2010-02-17,13.376459121704102
2010-02-18,13.5009765625
2010-02-19,13.439837455749512
2010-02-22,13.490538597106934
2010-02-23,13.298418045043945
2010-02-24,13.208946228027344
2010-02-25,13.083683967590332
2010-02-26,13.092880249023438
2010-03-01,13.239269256591797
2010-03-02,13.44729232788086
2010-03-03,13.553170204162598
2010-03-04,13.783562660217285
2010-03-05,14.022652626037598
2010-03-08,13.979657173156738
2010-03-09,13.922743797302246
2010-03-10,14.326863288879395
2010-03-11,14.443425178527832
2010-03-12,14.40365982055664
2010-03-15,13.997053146362305
2010-03-16,14.047260284423828
2010-03-17,14.056206703186035
2010-03-18,14.077083587646484
2010-03-19,13.918021202087402
2010-03-22,13.855886459350586
2010-03-23,13.644631385803223
2010-03-24,13.85166072845459
2010-03-25,13.989599227905273
2010-03-26,13.984875679016113
2010-03-29,13.978911399841309
2010-03-30,14.08478832244873
2010-03-31,14.094977378845215
2010-04-01,14.13673210144043
2010-04-05,14.191658973693848
2010-04-06,14.122315406799316
2010-04-07,14.006002426147461
2010-04-08,14.104172706604004
2010-04-09,14.072608947753906
2010-04-12,14.234407424926758
2010-04-13,14.583352088928223
2010-04-14,14.638775825500488
2010-04-15,14.795352935791016
2010-04-16,13.673212051391602
2010-04-19,13.671969413757324
2010-04-20,13.794746398925781
2010-04-21,13.77635383605957
2010-04-22,13.596414566040039
2010-04-23,13.544966697692871
2010-04-26,13.21317195892334
2010-04-27,13.14905071258545
2010-04-28,13.152281761169434
2010-04-29,13.222118377685547
2010-04-30,13.06554126739502
2010-05-03,13.187324523925781
2010-05-04,12.58512020111084
2010-05-05,12.6693754196167
2010-05-06,12.393747329711914
2010-05-07,12.256308555603027
2010-05-10,12.964883804321289
2010-05-11,12.651727676391602
2010-05-12,12.56076431274414
2010-05-13,12.697210311889648
2010-05-14,12.613950729370117
2010-05-17,12.62488842010498
2010-05-18,12.386292457580566
2010-05-19,12.288369178771973
2010-05-20,11.80571174621582
2010-05-21,11.732144355773926
2010-05-24,11.859147071838379
2010-05-25,11.856910705566406
2010-05-26,11.817145347595215
2010-05-27,12.189701080322266
2010-05-28,12.069656372070312
2010-06-01,11.988633155822754
2010-06-02,12.262025833129883
2010-06-03,12.565983772277832
2010-06-04,12.394989967346191
2010-06-07,12.066924095153809
2010-06-08,12.048532485961914
2010-06-09,11.781106948852539
2010-06-10,12.103955268859863
2010-06-11,12.14098834991455
2010-06-14,12.009015083312988
2010-06-15,12.376846313476562
2010-06-16,12.458367347717285
2010-06-17,12.428791999816895
2010-06-18,12.4275484085083
2010-06-21,12.142477989196777
2010-06-22,12.085066795349121
2010-06-23,11.980681419372559
2010-06-24,11.807947158813477
2010-06-25,11.747801780700684
2010-06-28,11.732891082763672
2010-06-29,11.290000915527344
2010-06-30,11.058613777160645
2010-07-01,10.922910690307617
2010-07-02,10.849842071533203
2010-07-06,10.837913513183594
2010-07-07,11.189093589782715
2010-07-08,11.347162246704102
2010-07-09,11.618813514709473
2010-07-12,11.826090812683105
2010-07-13,12.158385276794434
2010-07-14,12.21157169342041
2010-07-15,12.278177261352539
2010-07-16,11.422966003417969
2010-07-19,11.586255073547363
2010-07-20,11.96924877166748
2010-07-21,11.867595672607422
2010-07-22,12.049277305603027
2010-07-23,12.17975902557373
2010-07-26,12.152668952941895
2010-07-27,12.243632316589355
2010-07-28,12.03784465789795
2010-07-29,12.053751945495605
2010-07-30,12.050271034240723
2010-08-02,12.188457489013672
2010-08-03,12.174042701721191
2010-08-04,12.583879470825195
2010-08-05,12.628117561340332
2010-08-06,12.432271003723145
2010-08-09,12.559768676757812
2010-08-10,12.519010543823242
2010-08-11,12.221512794494629
2010-08-12,12.22822380065918
2010-08-13,12.087553024291992
2010-08-16,12.06866455078125
2010-08-17,12.191190719604492
2010-08-18,11.98316764831543
2010-08-19,11.630742073059082
2010-08-20,11.482863426208496
2010-08-23,11.5338134765625
2010-08-24,11.218669891357422
2010-08-25,11.29894733428955
2010-08-26,11.208478927612305
2010-08-27,11.403581619262695
2010-08-30,11.25097942352295
2010-08-31,11.184619903564453
2010-09-01,11.440860748291016
2010-09-02,11.51169490814209
2010-09-03,11.688651084899902
2010-09-07,11.542015075683594
2010-09-08,11.695610046386719
2010-09-09,11.834790229797363
2010-09-10,11.833795547485352
2010-09-13,11.986148834228516
2010-09-14,11.94041919708252
2010-09-15,11.945637702941895
2010-09-16,11.956076622009277
2010-09-17,12.18199634552002
2010-09-20,12.632591247558594
2010-09-21,12.761332511901855
2010-09-22,12.824462890625
2010-09-23,12.761831283569336
2010-09-24,13.105058670043945
2010-09-27,13.18260383605957
2010-09-28,13.102076530456543
2010-09-29,13.11500072479248
2010-09-30,13.067778587341309
2010-10-01,13.063552856445312
2010-10-04,12.982281684875488
2010-10-05,13.376956939697266
2010-10-06,13.280525207519531
2010-10-07,13.172659873962402
2010-10-08,13.330232620239258
2010-10-11,13.39211654663086
2010-10-12,13.455493927001953
2010-10-13,13.502964973449707
2010-10-14,13.444062232971191
2010-10-15,14.948200225830078
2010-10-18,15.35232162475586
2010-10-19,15.106768608093262
2010-10-20,15.110495567321777
2010-10-21,15.210158348083496
2010-10-22,15.223581314086914
2010-10-25,15.322250366210938
2010-10-26,15.374442100524902
2010-10-27,15.321503639221191
2010-10-28,15.373944282531738
2010-10-29,15.25265884399414
2010-11-01,15.284968376159668
2010-11-02,15.299880981445312
2010-11-03,15.41370964050293
2010-11-04,15.515361785888672
2010-11-05,15.535493850708008
2010-11-08,15.577494621276855
2010-11-09,15.529031753540039
2010-11-10,15.480814933776855
2010-11-11,15.339398384094238
2010-11-12,14.993931770324707
2010-11-15,14.799577713012695
2010-11-16,14.507548332214355
2010-11-17,14.503321647644043
2010-11-18,14.826668739318848
2010-11-19,14.684256553649902
2010-11-22,14.693949699401855
2010-11-23,14.48990249633789
2010-11-24,14.787150382995605
2010-11-26,14.663627624511719
2010-11-29,14.46753215789795
2010-11-30,13.811397552490234
2010-12-01,14.026132583618164
2010-12-02,14.211790084838867
2010-12-03,14.24111557006836
2010-12-06,14.3743314743042
2010-12-07,14.592546463012695
2010-12-08,14.67704963684082
2010-12-09,14.700908660888672
2010-12-10,14.718555450439453
2010-12-13,14.778450965881348
2010-12-14,14.785659790039062
2010-12-15,14.6710844039917
2010-12-16,14.706128120422363
2010-12-17,14.683511734008789
2010-12-20,14.789386749267578
2010-12-21,14.98846435546875
2010-12-22,15.048609733581543
2010-12-23,15.017294883728027
2010-12-27,14.97131633758545
2010-12-28,14.885321617126465
2010-12-29,14.937019348144531
2010-12-30,14.883831977844238
2010-12-31,14.762296676635742
2011-01-03,15.020277976989746
2011-01-04,14.964852333068848
2011-01-05,15.13758659362793
2011-01-06,15.247689247131348
2011-01-07,15.320757865905762
2011-01-10,15.26533317565918
2011-01-11,15.31006908416748
2011-01-12,15.33144474029541
2011-01-13,15.326971054077148
2011-01-14,15.513124465942383
2011-01-18,15.897113800048828
2011-01-19,15.701266288757324
2011-01-20,15.577494621276855
2011-01-21,15.206183433532715
2011-01-24,15.187541961669922
2011-01-25,15.406999588012695
2011-01-26,15.322250366210938
2011-01-27,15.329456329345703
2011-01-28,14.936769485473633
2011-01-31,14.921112060546875
2011-02-01,15.18654727935791
2011-02-02,15.210407257080078
2011-02-03,15.1644287109375
2011-02-04,15.185056686401367
2011-02-07,15.26732349395752
2011-02-08,15.368973731994629
2011-02-09,15.322250366210938
2011-02-10,15.320757865905762
2011-02-11,15.521077156066895
2011-02-14,15.611793518066406
2011-02-15,15.512377738952637
2011-02-16,15.514120101928711
2011-02-17,15.539966583251953
2011-02-18,15.659761428833008
2011-02-22,15.16592025756836
2011-02-23,15.193507194519043
2011-02-24,15.13137435913086
2011-02-25,15.161693572998047
2011-02-28,15.245203971862793
2011-03-01,14.931052207946777
2011-03-02,14.931798934936523
2011-03-03,15.149765968322754
2011-03-04,14.927574157714844
2011-03-07,14.704885482788086
2011-03-08,14.721039772033691
2011-03-09,14.707619667053223
2011-03-10,14.4225492477417
2011-03-11,14.333324432373047
2011-03-14,14.16630744934082
2011-03-15,14.155620574951172
2011-03-16,13.845943450927734
2011-03-17,13.951821327209473
2011-03-18,13.944365501403809
2011-03-21,14.328104972839355
2011-03-22,14.34848403930664
2011-03-23,14.46877670288086
2011-03-24,14.586332321166992
2011-03-25,14.40863037109375
2011-03-28,14.299772262573242
2011-03-29,14.458088874816895
2011-03-30,14.460823059082031
2011-03-31,14.58310317993164
2011-04-01,14.708364486694336
2011-04-04,14.605968475341797
2011-04-05,14.143939018249512
2011-04-06,14.270444869995117
2011-04-07,14.415093421936035
2011-04-08,14.36936092376709
2011-04-11,14.349726676940918
2011-04-12,14.181715965270996
2011-04-13,14.322636604309082
2011-04-14,14.378059387207031
2011-04-15,13.189809799194336
2011-04-18,13.093873977661133
2011-04-19,12.961901664733887
2011-04-20,13.06628704071045
2011-04-21,13.050628662109375
2011-04-25,13.049386978149414
2011-04-26,13.242499351501465
2011-04-27,13.365273475646973
2011-04-28,13.370495796203613
2011-04-29,13.522847175598145
2011-05-02,13.38515853881836
2011-05-03,13.26909351348877
2011-05-04,13.316313743591309
2011-05-05,13.278536796569824
2011-05-06,13.3041353225708
2011-05-09,13.363286972045898
2011-05-10,13.487058639526367
2011-05-11,13.30786418914795
2011-05-12,13.29792308807373
2011-05-13,13.161227226257324
2011-05-16,12.88460636138916
2011-05-17,13.183843612670898
2011-05-18,13.16769027709961
2011-05-19,13.203478813171387
2011-05-20,13.024035453796387
2011-05-23,12.883861541748047
2011-05-24,12.880631446838379
2011-05-25,12.915674209594727
2011-05-26,12.877400398254395
2011-05-27,12.946244239807129
2011-05-31,13.148056983947754
2011-06-01,13.063056945800781
2011-06-02,13.124197006225586
2011-06-03,13.0004243850708
2011-06-06,12.95022201538086
2011-06-07,12.899767875671387
2011-06-08,12.90324592590332
2011-06-09,12.842604637145996
2011-06-10,12.663161277770996
2011-06-13,12.54436206817627
2011-06-14,12.6348295211792
2011-06-15,12.500121116638184
2011-06-16,12.43600082397461
2011-06-17,12.054497718811035
2011-06-20,12.043560981750488
2011-06-21,12.252827644348145
2011-06-22,12.103955268859863
2011-06-23,11.935199737548828
2011-06-24,11.802481651306152
2011-06-27,11.999320983886719
2011-06-28,12.268983840942383
2011-06-29,12.366409301757812
2011-06-30,12.585369110107422
2011-07-01,12.949475288391113
2011-07-05,13.233054161071777
2011-07-06,13.305624961853027
2011-07-07,13.584982872009277
2011-07-08,13.221870422363281
2011-07-11,13.104809761047363
2011-07-12,13.272075653076172
2011-07-13,13.377702713012695
2011-07-14,13.146066665649414
2011-07-15,14.853011131286621
2011-07-18,14.786404609680176
2011-07-19,14.975540161132812
2011-07-20,14.796595573425293
2011-07-21,15.08588981628418
2011-07-22,15.365245819091797
2011-07-25,15.383886337280273
2011-07-26,15.471867561340332
2011-07-27,15.091607093811035
2011-07-28,15.184062957763672
2011-07-29,15.003874778747559
2011-08-01,15.080423355102539
2011-08-02,14.72327709197998
2011-08-03,14.941244125366211
2011-08-04,14.353455543518066
2011-08-05,14.391231536865234
2011-08-08,13.570566177368164
2011-08-09,14.251307487487793
2011-08-10,13.644878387451172
2011-08-11,13.970958709716797
2011-08-12,14.011719703674316
2011-08-15,13.849175453186035
2011-08-16,13.39609432220459
2011-08-17,13.250700950622559
2011-08-18,12.548089027404785
2011-08-19,12.201131820678711
2011-08-22,12.381321907043457
2011-08-23,12.894548416137695
2011-08-24,13.005644798278809
2011-08-25,12.924869537353516
2011-08-26,13.094371795654297
2011-08-29,13.398082733154297
2011-08-30,13.438344955444336
2011-08-31,13.444807052612305
2011-09-01,13.234545707702637
2011-09-02,13.044166564941406
2011-09-06,12.978056907653809
2011-09-07,13.272570610046387
2011-09-08,13.295683860778809
2011-09-09,13.044415473937988
2011-09-12,13.175395011901855
2011-09-13,13.160482406616211
2011-09-14,13.223858833312988
2011-09-15,13.484572410583496
2011-09-16,13.586971282958984
2011-09-19,13.586721420288086
2011-09-20,13.585726737976074
2011-09-21,13.401063919067383
2011-09-22,12.940279960632324
2011-09-23,13.060818672180176
2011-09-26,13.219385147094727
2011-09-27,13.404544830322266
2011-09-28,13.14358139038086
2011-09-29,13.110278129577637
2011-09-30,12.800601959228516
2011-10-03,12.315458297729492
2011-10-04,12.474024772644043
2011-10-05,12.543615341186523
2011-10-06,12.792402267456055
2011-10-07,12.802589416503906
2011-10-10,13.35061264038086
2011-10-11,13.499981880187988
2011-10-12,13.632203102111816
2011-10-13,13.892918586730957
2011-10-14,14.705382347106934
2011-10-17,14.474989891052246
2011-10-18,14.67630386352539
2011-10-19,14.432490348815918
2011-10-20,14.506304740905762
2011-10-21,14.675806999206543
2011-10-24,14.823186874389648
2011-10-25,14.49362850189209
2011-10-26,14.571919441223145
2011-10-27,14.879109382629395
2011-10-28,14.915645599365234
2011-10-31,14.729241371154785
2011-11-01,14.381540298461914
2011-11-02,14.534886360168457
2011-11-03,14.850030899047852
2011-11-04,14.816229820251465
2011-11-07,15.119194030761719
2011-11-08,15.218856811523438
2011-11-09,14.935773849487305
2011-11-10,14.789885520935059
2011-11-11,15.119691848754883
2011-11-14,15.235262870788574
2011-11-15,15.323739051818848
2011-11-16,15.197234153747559
2011-11-17,14.933788299560547
2011-11-18,14.784914016723633
2011-11-21,14.438454627990723
2011-11-22,14.415093421936035
2011-11-23,14.169289588928223
2011-11-25,13.992582321166992
2011-11-28,14.618642807006836
2011-11-29,14.48791217803955
2011-11-30,14.897004127502441
2011-12-01,15.254398345947266
2011-12-02,15.418184280395508
2011-12-05,15.549659729003906
2011-12-06,15.502934455871582
2011-12-07,15.493489265441895
2011-12-08,15.311064720153809
2011-12-09,15.593650817871094
2011-12-12,15.543197631835938
2011-12-13,15.549161911010742
2011-12-14,15.361268997192383
2011-12-15,15.397802352905273
2011-12-16,15.557363510131836
2011-12-19,15.454718589782715
2011-12-20,15.66696834564209
2011-12-21,15.553885459899902
2011-12-22,15.650315284729004
2011-12-23,15.735812187194824
2011-12-27,15.91252326965332
2011-12-28,15.898852348327637
2011-12-29,15.965958595275879
2011-12-30,16.052946090698242
2012-01-03,16.537839889526367
2012-01-04,16.60917091369629
2012-01-05,16.378774642944336
2012-01-06,16.155344009399414
2012-01-09,15.470376014709473
2012-01-10,15.487277030944824
2012-01-11,15.557363510131836
2012-01-12,15.648824691772461
2012-01-13,15.533256530761719
2012-01-17,15.622480392456055
2012-01-18,15.730096817016602
2012-01-19,15.895621299743652
2012-01-20,14.56396484375
2012-01-23,14.552284240722656
2012-01-24,14.438207626342773
2012-01-25,14.153881072998047
2012-01-26,14.11933422088623
2012-01-27,14.414594650268555
2012-01-30,14.357682228088379
2012-01-31,14.417826652526855
2012-02-01,14.435720443725586
2012-02-02,14.542095184326172
2012-02-03,14.820951461791992
2012-02-06,15.138083457946777
2012-02-07,15.080423355102539
2012-02-08,15.15697193145752
2012-02-09,15.19698715209961
2012-02-10,15.059050559997559
2012-02-13,15.215377807617188
2012-02-14,15.15473747253418
2012-02-15,15.050350189208984
2012-02-16,15.074209213256836
2012-02-17,15.027485847473145
2012-02-21,15.260115623474121
2012-02-22,15.109501838684082
2012-02-23,15.064020156860352
2012-02-24,15.158214569091797
2012-02-27,15.143550872802734
2012-02-28,15.369221687316895
2012-02-29,15.365742683410645
2012-03-01,15.468884468078613
2012-03-02,15.440302848815918
2012-03-05,15.266327857971191
2012-03-06,15.035438537597656
2012-03-07,15.081169128417969
2012-03-08,15.089620590209961
2012-03-09,14.918375968933105
2012-03-12,15.0401611328125
2012-03-13,15.354061126708984
2012-03-14,15.30957317352295
2012-03-15,15.437320709228516
2012-03-16,15.53449821472168
2012-03-19,15.756689071655273
2012-03-20,15.744511604309082
2012-03-21,15.905813217163086
2012-03-22,16.056671142578125
2012-03-23,15.970680236816406
2012-03-26,16.13819122314453
2012-03-27,16.080781936645508
2012-03-28,16.29800033569336
2012-03-29,16.115327835083008
2012-03-30,15.937128067016602
2012-04-02,16.07829475402832
2012-04-03,15.971424102783203
2012-04-04,15.78576946258545
2012-04-05,15.715433120727539
2012-04-09,15.67864990234375
2012-04-10,15.579732894897461
2012-04-11,15.805900573730469
2012-04-12,16.179946899414062
2012-04-13,15.523563385009766
2012-04-16,15.06302547454834
2012-04-17,15.15001392364502
2012-04-18,15.097323417663574
2012-04-19,14.894765853881836
2012-04-20,14.814240455627441
2012-04-23,14.852516174316406
2012-04-24,14.94372844696045
2012-04-25,15.153740882873535
2012-04-26,15.296649932861328
2012-04-27,15.284470558166504
2012-04-30,15.03270435333252
2012-05-01,15.022265434265137
2012-05-02,15.092601776123047
2012-05-03,15.186050415039062
2012-05-04,14.836858749389648
2012-05-07,15.099808692932129
2012-05-08,15.230042457580566
2012-05-09,15.139575004577637
2012-05-10,15.251666069030762
2012-05-11,15.04214859008789
2012-05-14,15.011578559875488
2012-05-15,15.188287734985352
2012-05-16,15.631179809570312
2012-05-17,15.485039710998535
2012-05-18,14.922106742858887
2012-05-21,15.262847900390625
2012-05-22,14.932046890258789
2012-05-23,15.1472806930542
2012-05-24,15.003129959106445
2012-05-25,14.701653480529785
2012-05-29,14.771492958068848
2012-05-30,14.619636535644531
2012-05-31,14.4364652633667
2012-06-01,14.190913200378418
2012-06-04,14.380049705505371
2012-06-05,14.176745414733887
2012-06-06,14.429259300231934
2012-06-07,14.371100425720215
2012-06-08,14.426276206970215
2012-06-11,14.12927532196045
2012-06-12,14.044775009155273
2012-06-13,13.945110321044922
2012-06-14,13.894408226013184
2012-06-15,14.030107498168945
2012-06-18,14.187682151794434
2012-06-19,14.453119277954102
2012-06-20,14.353206634521484
2012-06-21,14.047506332397461
2012-06-22,14.203338623046875
2012-06-25,13.935419082641602
2012-06-26,14.034334182739258
2012-06-27,14.14915943145752
2012-06-28,14.025137901306152
2012-06-29,14.416831970214844
2012-07-02,14.426773071289062
2012-07-03,14.609695434570312
2012-07-05,14.810761451721191
2012-07-06,14.563715934753418
2012-07-09,14.564462661743164
2012-07-10,14.457344055175781
2012-07-11,14.196130752563477
2012-07-12,14.178485870361328
2012-07-13,14.328601837158203
2012-07-16,14.288836479187012
2012-07-17,14.333821296691895
2012-07-18,14.433980941772461
2012-07-19,14.739680290222168
2012-07-20,15.18108081817627
2012-07-23,15.297643661499023
2012-07-24,15.100306510925293
2012-07-25,15.110745429992676
2012-07-26,15.244208335876465
2012-07-27,15.781045913696289
2012-07-30,15.714936256408691
2012-07-31,15.731588363647461
2012-08-01,15.724381446838379
2012-08-02,15.626705169677734
2012-08-03,15.939364433288574
2012-08-06,15.976396560668945
2012-08-07,15.919730186462402
2012-08-08,15.961732864379883
2012-08-09,15.964715957641602
2012-08-10,15.95601749420166
2012-08-13,16.403629302978516
2012-08-14,16.618610382080078
2012-08-15,16.59078025817871
2012-08-16,16.723247528076172
2012-08-17,16.829370498657227
2012-08-20,16.78960418701172
2012-08-21,16.639741897583008
2012-08-22,16.830364227294922
2012-08-23,16.8209228515625
2012-08-24,16.866405487060547
2012-08-27,16.632532119750977
2012-08-28,16.832103729248047
2012-08-29,17.099529266357422
2012-08-30,16.94220542907715
2012-08-31,17.026958465576172
2012-09-04,16.92630386352539
2012-09-05,16.918346405029297
2012-09-06,17.38261604309082
2012-09-07,17.55037498474121
2012-09-10,17.41666030883789
2012-09-11,17.203418731689453
2012-09-12,17.17085838317871
2012-09-13,17.54764175415039
2012-09-14,17.63810920715332
2012-09-17,17.64556312561035
2012-09-18,17.851848602294922
2012-09-19,18.08099937438965
2012-09-20,18.09640884399414
2012-09-21,18.242300033569336
2012-09-24,18.62479591369629
2012-09-25,18.61932945251465
2012-09-26,18.7261962890625
2012-09-27,18.801755905151367
2012-09-28,18.752044677734375
2012-10-01,18.932981491088867
2012-10-02,18.813932418823242
2012-10-03,18.950876235961914
2012-10-04,19.08881378173828
2012-10-05,19.078872680664062
2012-10-08,18.835058212280273
2012-10-09,18.49332046508789
2012-10-10,18.505002975463867
2012-10-11,18.67698860168457
2012-10-12,18.509721755981445
2012-10-15,18.416027069091797
2012-10-16,18.508480072021484
2012-10-17,18.776653289794922
2012-10-18,17.273256301879883
2012-10-19,16.9449405670166
2012-10-22,16.86739730834961
2012-10-23,16.909151077270508
2012-10-24,16.833349227905273
2012-10-25,16.84477996826172
2012-10-26,16.7799129486084
2012-10-31,16.907909393310547
2012-11-01,17.089092254638672
2012-11-02,17.097293853759766
2012-11-05,16.97402000427246
2012-11-06,16.94320297241211
2012-11-07,16.580337524414062
2012-11-08,16.211759567260742
2012-11-09,16.478687286376953
2012-11-12,16.550016403198242
2012-11-13,16.379772186279297
2012-11-14,16.21822166442871
2012-11-15,16.086746215820312
2012-11-16,16.084758758544922
2012-11-19,16.60742950439453
2012-11-20,16.65117073059082
2012-11-21,16.549270629882812
2012-11-23,16.601463317871094
2012-11-26,16.431961059570312
2012-11-27,16.66956329345703
2012-11-28,16.99166488647461
2012-11-29,17.19596290588379
2012-11-30,17.357013702392578
2012-12-03,17.279470443725586
2012-12-04,17.174591064453125
2012-12-05,17.09480857849121
2012-12-06,17.177074432373047
2012-12-07,17.005084991455078
2012-12-10,17.035160064697266
2012-12-11,17.31998062133789
2012-12-12,17.336883544921875
2012-12-13,17.464628219604492
2012-12-14,17.446239471435547
2012-12-17,17.913984298706055
2012-12-18,17.92119026184082
2012-12-19,17.89733123779297
2012-12-20,17.9532527923584
2012-12-21,17.785985946655273
2012-12-24,17.633630752563477
2012-12-26,17.617977142333984
2012-12-27,17.553857803344727
2012-12-28,17.397775650024414
2012-12-31,17.580942153930664
2013-01-02,17.975370407104492
2013-01-03,17.985807418823242
2013-01-04,18.341217041015625
2013-01-07,18.261186599731445
2013-01-08,18.22515106201172
2013-01-09,18.34494400024414
2013-01-10,18.42845344543457
2013-01-11,18.391420364379883
2013-01-14,17.975370407104492
2013-01-15,18.01712417602539
2013-01-16,17.77505111694336
2013-01-17,17.67886734008789
2013-01-18,17.50961685180664
2013-01-22,17.468854904174805
2013-01-23,18.42894744873047
2013-01-24,18.744840621948242
2013-01-25,18.731416702270508
2013-01-28,18.65834617614746
2013-01-29,18.731666564941406
2013-01-30,18.735395431518555
2013-01-31,18.7816219329834
2013-02-01,19.276456832885742
2013-02-04,18.864383697509766
2013-02-05,19.031402587890625
2013-02-06,19.141504287719727
2013-02-07,19.235450744628906
2013-02-08,19.51927947998047
2013-02-11,19.445959091186523
2013-02-12,19.403209686279297
2013-02-13,19.456893920898438
2013-02-14,19.580169677734375
2013-02-15,19.706178665161133
2013-02-19,20.053131103515625
2013-02-20,19.69548988342285
2013-02-21,19.77178955078125
2013-02-22,19.87567710876465
2013-02-25,19.653486251831055
2013-02-26,19.6375789642334
2013-02-27,19.877418518066406
2013-02-28,19.91271209716797
2013-03-01,20.03672981262207
2013-03-04,20.417240142822266
2013-03-05,20.84223747253418
2013-03-06,20.66279411315918
2013-03-07,20.693115234375
2013-03-08,20.66627311706543
2013-03-11,20.748287200927734
2013-03-12,20.569091796875
2013-03-13,20.511930465698242
2013-03-14,20.418231964111328
2013-03-15,20.238292694091797
2013-03-18,20.076496124267578
2013-03-19,20.164230346679688
2013-03-20,20.24847984313965
2013-03-21,20.162738800048828
2013-03-22,20.139127731323242
2013-03-25,20.122474670410156
2013-03-26,20.19156837463379
2013-03-27,19.94899559020996
2013-03-28,19.73848533630371
2013-04-01,19.91246223449707
2013-04-02,20.20697784423828
2013-04-03,20.03697967529297
2013-04-04,19.760356903076172
2013-04-05,19.46161460876465
2013-04-08,19.257816314697266
2013-04-09,19.327407836914062
2013-04-10,19.638824462890625
2013-04-11,19.644041061401367
2013-04-12,19.635591506958008
2013-04-15,19.433780670166016
2013-04-16,19.718103408813477
2013-04-17,19.44944190979004
2013-04-18,19.035629272460938
2013-04-19,19.879655838012695
2013-04-22,19.885622024536133
2013-04-23,20.0792293548584
2013-04-24,20.217166900634766
2013-04-25,20.109052658081055
2013-04-26,19.91817855834961
2013-04-29,20.356595993041992
2013-04-30,20.493541717529297
2013-05-01,20.390644073486328
2013-05-02,20.61880111694336
2013-05-03,21.01919174194336
2013-05-06,21.41262435913086
2013-05-07,21.305259704589844
2013-05-08,21.71285629272461
2013-05-09,21.659420013427734
2013-05-10,21.876890182495117
2013-05-13,21.809785842895508
2013-05-14,22.04763412475586
2013-05-15,22.763168334960938
2013-05-16,22.46442985534668
2013-05-17,22.596405029296875
2013-05-20,22.58024787902832
2013-05-21,22.54147720336914
2013-05-22,22.105295181274414
2013-05-23,21.94051742553711
2013-05-24,21.70515251159668
2013-05-28,21.902740478515625
2013-05-29,21.58063316345215
2013-05-30,21.64152717590332
2013-05-31,21.652957916259766
2013-06-03,21.56373405456543
2013-06-04,21.351734161376953
2013-06-05,21.36664390563965
2013-06-06,21.489423751831055
2013-06-07,21.864463806152344
2013-06-10,22.125179290771484
2013-06-11,21.866453170776367
2013-06-12,21.67184829711914
2013-06-13,21.796613693237305
2013-06-14,21.747901916503906
2013-06-17,22.026508331298828
2013-06-18,22.383657455444336
2013-06-19,22.385147094726562
2013-06-20,21.98897933959961
2013-06-21,21.894289016723633
2013-06-24,21.617420196533203
2013-06-25,21.528194427490234
2013-06-26,21.713354110717773
2013-06-27,21.798355102539062
2013-06-28,21.880369186401367
2013-07-01,22.067020416259766
2013-07-02,21.9285831451416
2013-07-03,22.03098487854004
2013-07-05,22.206451416015625
2013-07-08,22.494752883911133
2013-07-09,22.49847984313965
2013-07-10,22.517120361328125
2013-07-11,22.87128257751465
2013-07-12,22.939882278442383
2013-07-15,22.98188018798828
2013-07-16,22.855627059936523
2013-07-17,22.829280853271484
2013-07-18,22.633682250976562
2013-07-19,22.283742904663086
2013-07-22,22.634180068969727
2013-07-23,22.462692260742188
2013-07-24,22.440319061279297
2013-07-25,22.062545776367188
2013-07-26,22.00414276123047
2013-07-29,21.927593231201172
2013-07-30,22.142574310302734
2013-07-31,22.06378936767578
2013-08-01,22.473127365112305
2013-08-02,22.53153419494629
2013-08-05,22.492515563964844
2013-08-06,22.283000946044922
2013-08-07,22.135866165161133
2013-08-08,22.185819625854492
2013-08-09,22.129901885986328
2013-08-12,22.00811767578125
2013-08-13,21.902240753173828
2013-08-14,21.617916107177734
2013-08-15,21.365652084350586
2013-08-16,21.297304153442383
2013-08-19,21.514528274536133
2013-08-20,21.508808135986328
2013-08-21,21.605987548828125
2013-08-22,21.714845657348633
2013-08-23,21.62785530090332
2013-08-26,21.532915115356445
2013-08-27,21.12929344177246
2013-08-28,21.08953094482422
2013-08-29,21.260522842407227
2013-08-30,21.048519134521484
2013-09-03,21.383546829223633
2013-09-04,21.663150787353516
2013-09-05,21.860240936279297
2013-09-06,21.860733032226562
2013-09-09,22.071243286132812
2013-09-10,22.086654663085938
2013-09-11,22.2735538482666
2013-09-12,22.195762634277344
2013-09-13,22.096595764160156
2013-09-16,22.06403923034668
2013-09-17,22.023029327392578
2013-09-18,22.450759887695312
2013-09-19,22.328227996826172
2013-09-20,22.445541381835938
2013-09-23,22.03272247314453
2013-09-24,22.04117202758789
2013-09-25,21.802331924438477
2013-09-26,21.825695037841797
2013-09-27,21.78145408630371
2013-09-30,21.76952362060547
2013-10-01,22.045148849487305
2013-10-02,22.069753646850586
2013-10-03,21.773996353149414
2013-10-04,21.68104362487793
2013-10-07,21.516761779785156
2013-10-08,21.216777801513672
2013-10-09,21.27120590209961
2013-10-10,21.578895568847656
2013-10-11,21.672096252441406
2013-10-14,21.774494171142578
2013-10-15,21.921131134033203
2013-10-16,22.31928253173828
2013-10-17,22.089637756347656
2013-10-18,25.137187957763672
2013-10-21,24.935625076293945
2013-10-22,25.02758026123047
2013-10-23,25.634258270263672
2013-10-24,25.488615036010742
2013-10-25,25.231380462646484
2013-10-28,25.226411819458008
2013-10-29,25.754304885864258
2013-10-30,25.60965347290039
2013-10-31,25.613630294799805
2013-11-01,25.525650024414062
2013-11-04,25.502534866333008
2013-11-05,25.388456344604492
2013-11-06,25.419025421142578
2013-11-07,25.05119514465332
2013-11-08,25.252010345458984
2013-11-11,25.116806030273438
2013-11-12,25.14638328552246
2013-11-13,25.66060447692871
2013-11-14,25.72920036315918
2013-11-15,25.687692642211914
2013-11-18,25.637741088867188
2013-11-19,25.47991943359375
2013-11-20,25.408090591430664
2013-11-21,25.70037078857422
2013-11-22,25.646188735961914
2013-11-25,25.995132446289062
2013-11-26,26.30530548095703
2013-11-27,26.422117233276367
2013-11-29,26.334630966186523
2013-12-02,26.207630157470703
2013-12-03,26.177310943603516
2013-12-04,26.299591064453125
2013-12-05,26.278715133666992
2013-12-06,26.59012794494629
2013-12-09,26.795665740966797
2013-12-10,26.957714080810547
2013-12-11,26.77454376220703
2013-12-12,26.59236717224121
2013-12-13,26.36445426940918
2013-12-16,26.667423248291016
2013-12-17,26.58987808227539
2013-12-18,26.95995330810547
2013-12-19,26.996484756469727
2013-12-20,27.35437774658203
2013-12-23,27.714256286621094
2013-12-24,27.633235931396484
2013-12-26,27.772912979125977
2013-12-27,27.796274185180664
2013-12-30,27.574081420898438
2013-12-31,27.853687286376953
2014-01-02,27.665048599243164
2014-01-03,27.463237762451172
2014-01-06,27.769432067871094
2014-01-07,28.304779052734375
2014-01-08,28.36368179321289
2014-01-09,28.090539932250977
2014-01-10,28.08905029296875
2014-01-13,27.910106658935547
2014-01-14,28.566734313964844
2014-01-15,28.547351837158203
2014-01-16,28.736238479614258
2014-01-17,28.594818115234375
2014-01-21,28.922143936157227
2014-01-22,28.954952239990234
2014-01-23,28.83266830444336
2014-01-24,27.931228637695312
2014-01-27,27.369537353515625
2014-01-28,27.91084861755371
2014-01-29,27.510953903198242
2014-01-30,28.218536376953125
2014-01-31,29.35136604309082
2014-02-03,28.169824600219727
2014-02-04,28.287382125854492
2014-02-05,28.412639617919922
2014-02-06,28.82918930053711
2014-02-07,29.263633728027344
2014-02-10,29.15154266357422
2014-02-11,29.580265045166016
2014-02-12,29.493526458740234
2014-02-13,29.82184410095215
2014-02-14,29.893918991088867
2014-02-18,30.094736099243164
2014-02-19,29.882488250732422
2014-02-20,29.926475524902344
2014-02-21,29.91852378845215
2014-02-24,30.1352481842041
2014-02-25,30.321399688720703
2014-02-26,30.325626373291016
2014-02-27,30.301767349243164
2014-02-28,30.213289260864258
2014-03-03,29.891189575195312
2014-03-04,30.194896697998047
2014-03-05,30.278154373168945
2014-03-06,30.31170654296875
2014-03-07,30.191913604736328
2014-03-10,30.111886978149414
2014-03-11,29.824077606201172
2014-03-12,30.005760192871094
2014-03-13,29.55242919921875
2014-03-14,29.1483097076416
2014-03-17,29.62798500061035
2014-03-18,30.104177474975586
2014-03-19,29.805686950683594
2014-03-20,29.75374412536621
2014-03-21,29.40281105041504
2014-03-24,28.778738021850586
2014-03-25,28.79837417602539
2014-03-26,28.13353729248047
2014-03-27,27.693878173828125
2014-03-28,27.839767456054688
2014-03-31,27.69959259033203
2014-04-01,28.206113815307617
2014-04-02,28.211328506469727
2014-04-03,28.3792667388916
2014-04-04,27.075756072998047
2014-04-07,26.846338272094727
2014-04-08,27.68455696105957
2014-04-09,28.157791137695312
2014-04-10,27.14726448059082
2014-04-11,26.703819274902344
2014-04-14,27.073272705078125
2014-04-15,27.2470703125
2014-04-16,28.001869201660156
2014-04-17,26.98090934753418
2014-04-21,26.783769607543945
2014-04-22,27.08816909790039
2014-04-23,26.69140625
2014-04-24,26.538957595825195
2014-04-25,25.975841522216797
2014-04-28,25.969884872436523
2014-04-29,26.632808685302734
2014-04-30,26.560808181762695
2014-05-01,26.742055892944336
2014-05-02,26.510650634765625
2014-05-05,26.58315086364746
2014-05-06,25.94952392578125
2014-05-07,25.72258949279785
2014-05-08,25.830347061157227
2014-05-09,26.150636672973633
2014-05-12,26.737091064453125
2014-05-13,26.891525268554688
2014-05-14,26.5374698638916
2014-05-15,26.274782180786133
2014-05-16,26.23406219482422
2014-05-19,26.756954193115234
2014-05-20,26.834421157836914
2014-05-21,27.29673194885254
2014-05-22,27.58226203918457
2014-05-23,27.996904373168945
2014-05-27,28.54660987854004
2014-05-28,28.327125549316406
2014-05-29,28.33258628845215
2014-05-30,28.386714935302734
2014-06-02,28.023717880249023
2014-06-03,27.535585403442383
2014-06-04,27.498342514038086
2014-06-05,28.053016662597656
2014-06-06,28.10763931274414
2014-06-09,28.34103012084961
2014-06-10,28.22036361694336
2014-06-11,28.18063735961914
2014-06-12,27.783374786376953
2014-06-13,27.825586318969727
2014-06-16,27.42584228515625
2014-06-17,27.342418670654297
2014-06-18,27.84098243713379
2014-06-19,28.055994033813477
2014-06-20,28.13197135925293
2014-06-23,28.517812728881836
2014-06-24,28.430910110473633
2014-06-25,29.095823287963867
2014-06-26,29.038223266601562
2014-06-27,29.083906173706055
2014-06-30,29.033254623413086
2014-07-01,29.371917724609375
2014-07-02,29.336660385131836
2014-07-03,29.45087432861328
2014-07-07,29.335668563842773
2014-07-08,28.721904754638672
2014-07-09,28.968204498291016
2014-07-10,28.803340911865234
2014-07-11,29.13157844543457
2014-07-14,29.50946617126465
2014-07-15,29.44988250732422
2014-07-16,29.328716278076172
2014-07-17,28.84207534790039
2014-07-18,30.048255920410156
2014-07-21,29.717039108276367
2014-07-22,29.971784591674805
2014-07-23,30.052228927612305
2014-07-24,29.943973541259766
2014-07-25,29.699159622192383
2014-07-28,29.745840072631836
2014-07-29,29.494077682495117
2014-07-30,29.568065643310547
2014-07-31,28.779008865356445
2014-08-01,28.483545303344727
2014-08-04,28.914077758789062
2014-08-05,28.460702896118164
2014-08-06,28.527742385864258
2014-08-07,28.3946590423584
2014-08-08,28.69905662536621
2014-08-11,28.664793014526367
2014-08-12,28.41005516052246
2014-08-13,29.02779197692871
2014-08-14,29.03226089477539
2014-08-15,28.985580444335938
2014-08-18,29.432004928588867
2014-08-19,29.65099334716797
2014-08-20,29.566577911376953
2014-08-21,29.418102264404297
2014-08-22,29.424062728881836
2014-08-25,29.326236724853516
2014-08-26,29.204572677612305
2014-08-27,28.950326919555664
2014-08-28,28.817245483398438
2014-08-29,28.91854476928711
2014-09-02,29.22989845275879
2014-09-03,29.274091720581055
2014-09-04,29.453855514526367
2014-09-05,29.684263229370117
2014-09-08,29.875446319580078
2014-09-09,29.395753860473633
2014-09-10,29.467758178710938
2014-09-11,29.353050231933594
2014-09-12,29.044677734375
2014-09-15,28.882795333862305
2014-09-16,29.23734474182129
2014-09-17,29.461301803588867
2014-09-18,29.658939361572266
2014-09-19,30.062654495239258
2014-09-22,29.658939361572266
2014-09-23,29.35652732849121
2014-09-24,29.71604347229004
2014-09-25,29.062055587768555
2014-09-26,29.193649291992188
2014-09-29,29.189176559448242
2014-09-30,29.218971252441406
2014-10-01,28.782983779907227
2014-10-02,28.845054626464844
2014-10-03,29.111713409423828
2014-10-06,29.18768882751465
2014-10-07,28.508377075195312
2014-10-08,28.987075805664062
2014-10-09,28.345001220703125
2014-10-10,27.569353103637695
2014-10-13,27.050926208496094
2014-10-14,27.246580123901367
2014-10-15,26.85130500793457
2014-10-16,26.662111282348633
2014-10-17,25.96938705444336
2014-10-20,26.436662673950195
2014-10-21,26.71722984313965
2014-10-22,26.94863510131836
2014-10-23,27.49287986755371
2014-10-24,27.257003784179688
2014-10-27,27.3056697845459
2014-10-28,27.755565643310547
2014-10-29,27.731233596801758
2014-10-30,27.821609497070312
2014-10-31,28.199007034301758
2014-11-03,27.99541473388672
2014-11-04,28.016267776489258
2014-11-05,27.607091903686523
2014-11-06,27.395551681518555
2014-11-07,27.40200424194336
2014-11-10,27.720312118530273
2014-11-11,27.872264862060547
2014-11-12,27.721303939819336
2014-11-13,27.631423950195312
2014-11-14,27.569353103637695
2014-11-17,27.144779205322266
2014-11-18,27.039011001586914
2014-11-19,27.172588348388672
2014-11-20,27.001766204833984
2014-11-21,27.10753631591797
2014-11-24,27.186492919921875
2014-11-25,27.27338981628418
2014-11-26,27.19890594482422
2014-11-28,27.265945434570312
2014-12-01,26.79767417907715
2014-12-02,26.745037078857422
2014-12-03,26.664588928222656
2014-12-04,26.94317054748535
2014-12-05,26.223134994506836
2014-12-08,26.35472869873047
2014-12-09,26.62188720703125
2014-12-10,26.221149444580078
2014-12-11,26.42325782775879
2014-12-12,25.896886825561523
2014-12-15,25.615325927734375
2014-12-16,24.737382888793945
2014-12-17,25.149044036865234
2014-12-18,25.554746627807617
2014-12-19,25.82389259338379
2014-12-22,26.43269157409668
2014-12-23,26.75397491455078
2014-12-24,26.66260528564453
2014-12-26,26.890533447265625
2014-12-29,26.681476593017578
2014-12-30,26.580671310424805
2014-12-31,26.351253509521484
2015-01-02,26.2961368560791
2015-01-05,25.795087814331055
2015-01-06,25.158483505249023
2015-01-07,25.084489822387695
2015-01-08,25.171886444091797
2015-01-09,24.864505767822266
2015-01-12,24.682762145996094
2015-01-13,24.918136596679688
2015-01-14,25.12322235107422
2015-01-15,25.027881622314453
2015-01-16,25.348169326782227
2015-01-20,25.32234764099121
2015-01-21,25.841270446777344
2015-01-22,26.68097686767578
2015-01-23,26.911884307861328
2015-01-26,26.652179718017578
2015-01-27,25.88099479675293
2015-01-28,25.445995330810547
2015-01-29,25.4857234954834
2015-01-30,26.69339370727539
2015-02-02,26.42772674560547
2015-02-03,26.482349395751953
2015-02-04,26.124813079833984
2015-02-05,26.31003761291504
2015-02-06,26.511150360107422
2015-02-09,26.282726287841797
2015-02-10,26.822999954223633
2015-02-11,26.71573829650879
2015-02-12,27.113494873046875
2015-02-13,27.369234085083008
2015-02-17,27.063840866088867
2015-02-18,26.946645736694336
2015-02-19,27.135345458984375
2015-02-20,26.904436111450195
2015-02-23,26.56676483154297
2015-02-24,26.748016357421875
2015-02-25,27.17904281616211
2015-02-26,27.77294921875
2015-02-27,27.938806533813477
2015-03-02,28.554061889648438
2015-03-03,28.741270065307617
2015-03-04,28.718425750732422
2015-03-05,28.872364044189453
2015-03-06,28.44878387451172
2015-03-09,28.508377075195312
2015-03-10,27.800756454467773
2015-03-11,27.594181060791016
2015-03-12,27.866302490234375
2015-03-13,27.460601806640625
2015-03-16,27.8896427154541
2015-03-17,27.689523696899414
2015-03-18,28.11409568786621
2015-03-19,27.990447998046875
2015-03-20,28.054006576538086
2015-03-23,28.07486343383789
2015-03-24,28.67919921875
2015-03-25,28.155807495117188
2015-03-26,27.988956451416016
2015-03-27,27.686542510986328
2015-03-30,27.864810943603516
2015-03-31,27.545019149780273
2015-04-01,27.286304473876953
2015-04-02,26.880102157592773
2015-04-06,27.011201858520508
2015-04-07,27.05638885498047
2015-04-08,27.254024505615234
2015-04-09,27.213308334350586
2015-04-10,27.23912811279297
2015-04-13,27.24409294128418
2015-04-14,26.804128646850586
2015-04-15,26.866697311401367
2015-04-16,26.989849090576172
2015-04-17,26.454540252685547
2015-04-20,27.040000915527344
2015-04-21,26.96005630493164
2015-04-22,27.270910263061523
2015-04-23,27.68207359313965
2015-04-24,28.486526489257812
2015-04-27,28.112106323242188
2015-04-28,28.025209426879883
2015-04-29,27.87723159790039
2015-04-30,27.25054931640625
2015-05-01,27.369234085083008
2015-05-04,27.452655792236328
2015-05-05,26.966014862060547
2015-05-06,26.57073974609375
2015-05-07,26.916353225708008
2015-05-08,27.259489059448242
2015-05-11,27.102073669433594
2015-05-12,26.751991271972656
2015-05-13,26.789730072021484
2015-05-14,27.271900177001953
2015-05-15,27.1373291015625
2015-05-18,27.14626693725586
2015-05-19,27.275876998901367
2015-05-20,27.436267852783203
2015-05-21,27.649797439575195
2015-05-22,27.536081314086914
2015-05-26,27.172094345092773
2015-05-27,27.522672653198242
2015-05-28,27.519195556640625
2015-05-29,27.079233169555664
2015-06-01,27.272401809692383
2015-06-02,27.50777816772461
2015-06-03,27.574316024780273
2015-06-04,27.395551681518555
2015-06-05,27.28829002380371
2015-06-08,26.98786163330078
2015-06-09,26.92231559753418
2015-06-10,27.440736770629883
2015-06-11,27.313615798950195
2015-06-12,27.18599510192871
2015-06-15,26.964025497436523
2015-06-16,27.056884765625
2015-06-17,27.142793655395508
2015-06-18,27.618513107299805
2015-06-19,27.68505096435547
2015-06-22,27.792314529418945
2015-06-23,27.976545333862305
2015-06-24,27.737194061279297
2015-06-25,27.706405639648438
2015-06-26,27.463581085205078
2015-06-29,26.877124786376953
2015-06-30,26.817039489746094
2015-07-01,26.978925704956055
2015-07-02,27.17953872680664
2015-07-06,27.09412956237793
2015-07-07,27.31311798095703
2015-07-08,26.89946937561035
2015-07-09,27.04595947265625
2015-07-10,27.615036010742188
2015-07-13,28.390687942504883
2015-07-14,29.00891876220703
2015-07-15,28.997997283935547
2015-07-16,29.882898330688477
2015-07-17,34.74138259887695
2015-07-20,34.404701232910156
2015-07-21,34.52934646606445
2015-07-22,34.516929626464844
2015-07-23,33.50540542602539
2015-07-24,32.51424789428711
2015-07-27,32.68804931640625
2015-07-28,32.757076263427734
2015-07-29,32.844966888427734
2015-07-30,33.00039291381836
2015-07-31,32.64981460571289
2015-08-03,33.00833511352539
2015-08-04,32.8375129699707
2015-08-05,33.43390655517578
2015-08-06,33.277976989746094
2015-08-07,32.99195098876953
2015-08-10,32.92988204956055
2015-08-11,34.2785758972168
2015-08-12,34.33667755126953
2015-08-13,34.09038162231445
2015-08-14,34.23239517211914
2015-08-17,34.4677734375
2015-08-18,34.20061492919922
2015-08-19,34.46429443359375
2015-08-20,33.74128341674805
2015-08-21,31.980920791625977
2015-08-24,30.693801879882812
2015-08-25,30.413734436035156
2015-08-26,32.76103973388672
2015-08-27,33.169227600097656
2015-08-28,32.75856018066406
2015-08-31,32.16912841796875
2015-09-01,31.26238250732422
2015-09-02,32.024620056152344
2015-09-03,31.634315490722656
2015-09-04,31.23258399963379
2015-09-08,31.97347640991211
2015-09-09,31.95014190673828
2015-09-10,32.33101272583008
2015-09-11,32.540565490722656
2015-09-14,32.4000358581543
2015-09-15,33.025718688964844
2015-09-16,33.04806137084961
2015-09-17,33.35345458984375
2015-09-18,32.819644927978516
2015-09-21,33.12056350708008
2015-09-22,32.436283111572266
2015-09-23,32.44075393676758
2015-09-24,32.52119827270508
2015-09-25,31.788253784179688
2015-09-28,30.998699188232422
2015-09-29,30.917261123657227
2015-09-30,31.699861526489258
2015-10-01,31.880117416381836
2015-10-02,32.62448501586914
2015-10-05,33.35395431518555
2015-10-06,33.351966857910156
2015-10-07,33.27053451538086
2015-10-08,33.121559143066406
2015-10-09,33.33210372924805
2015-10-12,33.58982849121094
2015-10-13,33.924522399902344
2015-10-14,33.7874641418457
2015-10-15,34.41364669799805
2015-10-16,34.527854919433594
2015-10-19,34.75777053833008
2015-10-20,33.76710510253906
2015-10-21,33.35991668701172
2015-10-22,33.82371139526367
2015-10-23,35.72013854980469
2015-10-26,36.305599212646484
2015-10-27,36.390010833740234
2015-10-28,36.5936164855957
2015-10-29,36.98739242553711
2015-10-30,36.61695098876953
2015-11-02,37.13090515136719
2015-11-03,37.18453598022461
2015-11-04,37.50680923461914
2015-11-05,37.77298355102539
2015-11-06,37.81916046142578
2015-11-09,37.47999572753906
2015-11-10,37.65330123901367
2015-11-11,38.00040054321289
2015-11-12,37.5673942565918
2015-11-13,36.75003433227539
2015-11-16,37.26398468017578
2015-11-17,37.04350662231445
2015-11-18,37.740203857421875
2015-11-19,37.73672866821289
2015-11-20,38.583885192871094
2015-11-23,38.56898498535156
2015-11-24,38.21790313720703
2015-11-25,38.19953155517578
2015-11-27,38.334102630615234
2015-11-30,37.881229400634766
2015-12-01,38.92105484008789
2015-12-02,38.626094818115234
2015-12-03,38.14690017700195
2015-12-04,38.69362258911133
2015-12-07,38.38475799560547
2015-12-08,38.491519927978516
2015-12-09,37.866329193115234
2015-12-10,37.7416877746582
2015-12-11,37.26398468017578
2015-12-14,37.8658332824707
2015-12-15,37.74417495727539
2015-12-16,38.56352615356445
2015-12-17,38.22783660888672
2015-12-18,37.58328628540039
2015-12-21,37.77943420410156
2015-12-22,38.0937614440918
2015-12-23,38.16228485107422
2015-12-24,38.029701232910156
2015-12-28,38.844085693359375
2015-12-29,39.42607879638672
2015-12-30,39.244327545166016
2015-12-31,38.634037017822266
2016-01-04,37.71189498901367
2016-01-05,37.8156852722168
2016-01-06,37.70643997192383
2016-01-07,36.79621124267578
2016-01-08,36.295169830322266
2016-01-11,36.40243148803711
2016-01-12,37.01172637939453
2016-01-13,35.732051849365234
2016-01-14,36.31900405883789
2016-01-15,35.28116226196289
2016-01-19,35.70771789550781
2016-01-20,35.68190002441406
2016-01-21,36.08462142944336
2016-01-22,37.01768493652344
2016-01-25,36.42973709106445
2016-01-26,36.43818283081055
2016-01-27,35.633235931396484
2016-01-28,37.158714294433594
2016-01-29,37.80674362182617
2016-02-01,38.27451705932617
2016-02-02,38.77804183959961
2016-02-03,37.21234893798828
2016-02-04,36.251468658447266
2016-02-05,34.94697189331055
2016-02-08,34.96683120727539
2016-02-09,34.81090545654297
2016-02-10,35.10041046142578
2016-02-11,35.07607650756836
2016-02-12,35.102394104003906
2016-02-16,35.63621139526367
2016-02-17,36.34780502319336
2016-02-18,35.629756927490234
2016-02-19,35.85818099975586
2016-02-22,36.20280838012695
2016-02-23,35.618831634521484
2016-02-24,35.798095703125
2016-02-25,36.2062873840332
2016-02-26,35.9947395324707
2016-02-29,35.6153564453125
2016-03-01,36.85430908203125
2016-03-02,36.720733642578125
2016-03-03,36.32893753051758
2016-03-04,36.26090621948242
2016-03-07,35.395870208740234
2016-03-08,35.43212127685547
2016-03-09,36.02204895019531
2016-03-10,36.35773468017578
2016-03-11,36.9883918762207
2016-03-14,37.25505065917969
2016-03-15,37.27143478393555
2016-03-16,37.60860824584961
2016-03-17,37.66423034667969
2016-03-18,37.511775970458984
2016-03-21,37.846961975097656
2016-03-22,37.7421875
2016-03-23,37.618534088134766
2016-03-24,37.48347091674805
2016-03-28,37.406005859375
2016-03-29,38.03218460083008
2016-03-30,38.15385055541992
2016-03-31,37.88371276855469
2016-04-01,38.21989822387695
2016-04-04,37.993953704833984
2016-04-05,37.66869354248047
2016-04-06,38.14044189453125
2016-04-07,37.745662689208984
2016-04-08,37.7133903503418
2016-04-11,37.6175537109375
2016-04-12,37.9542236328125
2016-04-13,38.33112335205078
2016-04-14,38.503936767578125
2016-04-15,38.73286056518555
2016-04-18,39.114227294921875
2016-04-19,38.5466423034668
2016-04-20,38.480594635009766
2016-04-21,38.73286056518555
2016-04-22,36.63581848144531
2016-04-25,36.85629653930664
2016-04-26,36.02006912231445
2016-04-27,35.82590866088867
2016-04-28,35.01152038574219
2016-04-29,35.15155029296875
2016-05-02,35.47582244873047
2016-05-03,35.17936706542969
2016-05-04,35.32486343383789
2016-05-05,35.490718841552734
2016-05-06,36.01063537597656
2016-05-09,36.2067756652832
2016-05-10,36.71577072143555
2016-05-11,36.27729034423828
2016-05-12,36.15414047241211
2016-05-13,35.99325180053711
2016-05-16,36.26487350463867
2016-05-17,35.762840270996094
2016-05-18,35.841793060302734
2016-05-19,35.520511627197266
2016-05-20,35.838321685791016
2016-05-23,35.61684799194336
2016-05-24,36.40044021606445
2016-05-25,36.65220260620117
2016-05-26,36.59410858154297
2016-05-27,37.12395477294922
2016-05-31,37.18602752685547
2016-06-01,37.16666030883789
2016-06-02,36.95859909057617
2016-06-03,36.54097366333008
2016-06-06,36.252960205078125
2016-06-07,36.30411148071289
2016-06-08,36.892051696777344
2016-06-09,36.87168884277344
2016-06-10,36.40838623046875
2016-06-13,36.34333801269531
2016-06-14,36.4113655090332
2016-06-15,36.358734130859375
2016-06-16,35.96445083618164
2016-06-17,34.9713020324707
2016-06-20,35.064659118652344
2016-06-21,35.201210021972656
2016-06-22,35.28016662597656
2016-06-23,35.498661041259766
2016-06-24,34.02532196044922
2016-06-27,33.82371139526367
2016-06-28,34.32624816894531
2016-06-29,34.52140426635742
2016-06-30,34.935543060302734
2016-07-01,35.269248962402344
2016-07-05,35.00307846069336
2016-07-06,35.2056884765625
2016-07-07,35.12077331542969
2016-07-08,35.643165588378906
2016-07-11,36.110939025878906
2016-07-12,36.37461853027344
2016-07-13,36.22415542602539
2016-07-14,36.53799819946289
2016-07-15,36.5295524597168
2016-07-18,37.402034759521484
2016-07-19,37.4124641418457
2016-07-20,37.59470748901367
2016-07-21,37.46212387084961
2016-07-22,37.703956604003906
2016-07-25,37.616554260253906
2016-07-26,37.623008728027344
2016-07-27,37.837528228759766
2016-07-28,38.029701232910156
2016-07-29,39.29597473144531
2016-08-01,39.772682189941406
2016-08-02,39.731964111328125
2016-08-03,39.6723747253418
2016-08-04,39.58945083618164
2016-08-05,40.07013702392578
2016-08-08,39.985721588134766
2016-08-09,40.09744644165039
2016-08-10,40.14759826660156
2016-08-11,40.133201599121094
2016-08-12,40.076087951660156
2016-08-15,40.02196502685547
2016-08-16,39.78510284423828
2016-08-17,39.99515151977539
2016-08-18,39.86256790161133
2016-08-19,39.70862579345703
2016-08-22,39.574546813964844
2016-08-23,39.55667495727539
2016-08-24,39.408199310302734
2016-08-25,39.29398727416992
2016-08-26,39.38932800292969
2016-08-29,39.51844024658203
2016-08-30,39.324771881103516
2016-08-31,39.22198486328125
2016-09-01,39.2989501953125
2016-09-02,39.57057571411133
2016-09-06,40.124267578125
2016-09-07,40.12276840209961
2016-09-08,39.86703109741211
2016-09-09,39.153953552246094
2016-09-12,39.667415618896484
2016-09-13,39.165870666503906
2016-09-14,39.25226974487305
2016-09-15,39.78708267211914
2016-09-16,39.62519836425781
2016-09-19,39.49708557128906
2016-09-20,39.71508026123047
2016-09-21,39.97578430175781
2016-09-22,40.518043518066406
2016-09-23,40.46888732910156
2016-09-26,39.85759735107422
2016-09-27,40.25883102416992
2016-09-28,40.225555419921875
2016-09-29,39.85710144042969
2016-09-30,39.9276123046875
2016-10-03,39.744876861572266
2016-10-04,39.86454772949219
2016-10-05,39.78708267211914
2016-10-06,39.87895202636719
2016-10-07,39.761260986328125
2016-10-10,40.42965316772461
2016-10-11,40.20122528076172
2016-10-12,40.31047058105469
2016-10-13,39.92860794067383
2016-10-14,39.95443344116211
2016-10-17,40.06565856933594
2016-10-18,40.79314422607422
2016-10-19,41.058815002441406
2016-10-20,40.80010223388672
2016-10-21,40.9207649230957
2016-10-24,41.50076675415039
2016-10-25,41.14373016357422
2016-10-26,40.82343673706055
2016-10-27,40.58756637573242
2016-10-28,40.69730758666992
2016-10-31,40.21760940551758
2016-11-01,39.99813461303711
2016-11-02,39.15097427368164
2016-11-03,38.84160614013672
2016-11-04,38.7874755859375
2016-11-07,39.82680892944336
2016-11-08,40.320899963378906
2016-11-09,40.00358963012695
2016-11-10,38.74725341796875
2016-11-11,38.32318115234375
2016-11-14,37.40302276611328
2016-11-15,38.49250793457031
2016-11-16,38.73186111450195
2016-11-17,39.03874588012695
2016-11-18,38.53273391723633
2016-11-21,38.97121810913086
2016-11-22,38.981143951416016
2016-11-23,38.68320083618164
2016-11-25,38.74427795410156
2016-11-28,39.0203742980957
2016-11-29,39.201622009277344
2016-11-30,38.52826690673828
2016-12-01,37.95471954345703
2016-12-02,37.961177825927734
2016-12-05,38.644466400146484
2016-12-06,38.54316329956055
2016-12-07,39.302433013916016
2016-12-08,39.48615646362305
2016-12-09,40.19526672363281
2016-12-12,40.11829376220703
2016-12-13,40.48774719238281
2016-12-14,40.6143798828125
2016-12-15,40.50314712524414
2016-12-16,40.21463394165039
2016-12-19,40.34672546386719
2016-12-20,40.480796813964844
2016-12-21,40.33183288574219
2016-12-22,40.206695556640625
2016-12-23,40.113338470458984
2016-12-27,40.2191047668457
2016-12-28,39.952938079833984
2016-12-29,39.8690185546875
2016-12-30,39.35108947753906
2017-01-03,40.1237678527832
2017-01-04,40.11184310913086
2017-01-05,40.3725471496582
2017-01-06,40.97787094116211
2017-01-09,41.07569885253906
2017-01-10,41.01759338378906
2017-01-11,41.20877456665039
2017-01-12,41.19239044189453
2017-01-13,41.262413024902344
2017-01-17,41.089603424072266
2017-01-18,41.16706466674805
2017-01-19,40.936161041259766
2017-01-20,41.12486267089844
2017-01-23,41.93229293823242
2017-01-24,42.185546875
2017-01-25,42.62848663330078
2017-01-26,42.55548858642578
2017-01-27,41.96208572387695
2017-01-30,40.90934753417969
2017-01-31,40.72859191894531
2017-02-01,40.4827880859375
2017-02-02,40.632747650146484
2017-02-03,40.725608825683594
2017-02-06,40.79960632324219
2017-02-07,41.177494049072266
2017-02-08,41.209774017333984
2017-02-09,41.21870803833008
2017-02-10,41.456565856933594
2017-02-13,41.66066360473633
2017-02-14,41.71379470825195
2017-02-15,41.5792236328125
2017-02-16,41.820068359375
2017-02-17,42.03756332397461
2017-02-21,42.17263412475586
2017-02-22,42.27641677856445
2017-02-23,42.25853729248047
2017-02-24,42.100128173828125
2017-02-27,42.19249725341797
2017-02-28,41.95711135864258
2017-03-01,42.54407501220703
2017-03-02,42.20143127441406
2017-03-03,42.16319274902344
2017-03-06,42.07331466674805
2017-03-07,42.26598358154297
2017-03-08,42.3896369934082
2017-03-09,42.59819030761719
2017-03-10,42.77547073364258
2017-03-13,42.932891845703125
2017-03-14,42.998939514160156
2017-03-15,43.1220817565918
2017-03-16,43.20203399658203
2017-03-17,43.31971740722656
2017-03-20,43.09825134277344
2017-03-21,42.2158317565918
2017-03-22,42.198951721191406
2017-03-23,41.69491958618164
2017-03-24,41.47097396850586
2017-03-27,41.63831329345703
2017-03-28,41.74359130859375
2017-03-29,42.20242691040039
2017-03-30,42.18305587768555
2017-03-31,42.099639892578125
2017-04-03,42.54407501220703
2017-04-04,42.33650588989258
2017-04-05,42.154754638671875
2017-04-06,41.96555709838867
2017-04-07,41.81658935546875
2017-04-10,41.79672622680664
2017-04-11,41.70634460449219
2017-04-12,41.78480529785156
2017-04-13,41.72124481201172
2017-04-17,42.463623046875
2017-04-18,42.407012939453125
2017-04-19,42.53215026855469
2017-04-20,42.70943069458008
2017-04-21,42.653316497802734
2017-04-24,43.645469665527344
2017-04-25,44.13758087158203
2017-04-26,44.15247344970703
2017-04-27,44.26668930053711
2017-04-28,45.909358978271484
2017-05-01,46.32151412963867
2017-05-02,46.53355026245117
2017-05-03,47.09766387939453
2017-05-04,47.409019470214844
2017-05-05,47.18853759765625
2017-05-08,47.60615539550781
2017-05-09,47.50783157348633
2017-05-10,47.41497802734375
2017-05-11,47.46710968017578
2017-05-12,47.42987060546875
2017-05-15,47.63247299194336
2017-05-16,47.90012741088867
2017-05-17,46.78581619262695
2017-05-18,47.199459075927734
2017-05-19,47.405540466308594
2017-05-22,47.873313903808594
2017-05-23,48.195098876953125
2017-05-24,48.54567337036133
2017-05-25,49.2532958984375
2017-05-26,49.32331466674805
2017-05-30,49.46731948852539
2017-05-31,49.01643371582031
2017-06-01,49.076019287109375
2017-06-02,49.4648323059082
2017-06-05,49.850181579589844
2017-06-06,49.49264907836914
2017-06-07,49.731990814208984
2017-06-08,49.87004470825195
2017-06-09,48.173744201660156
2017-06-12,47.76108932495117
2017-06-13,48.19261169433594
2017-06-14,48.06499099731445
2017-06-15,47.680145263671875
2017-06-16,47.60267639160156
2017-06-19,48.426998138427734
2017-06-20,48.11762619018555
2017-06-21,48.594337463378906
2017-06-22,48.49651336669922
2017-06-23,48.966773986816406
2017-06-26,48.271568298339844
2017-06-27,47.07978439331055
2017-06-28,47.72135925292969
2017-06-29,46.56979751586914
2017-06-30,46.165592193603516
2017-07-03,45.6580924987793
2017-07-05,46.293704986572266
2017-07-06,46.0667724609375
2017-07-07,46.7182731628418
2017-07-10,47.22428894042969
2017-07-11,47.34992218017578
2017-07-12,48.05158233642578
2017-07-13,48.110679626464844
2017-07-14,48.51091384887695
2017-07-17,48.463741302490234
2017-07-18,49.00947952270508
2017-07-19,49.29848098754883
2017-07-20,49.26968002319336
2017-07-21,49.35161590576172
2017-07-24,49.573585510253906
2017-07-25,48.11961364746094
2017-07-26,47.93489074707031
2017-07-27,47.29927444458008
2017-07-28,47.58827590942383
2017-07-31,46.951175689697266
2017-08-01,47.003807067871094
2017-08-02,47.057437896728516
2017-08-03,46.69295120239258
2017-08-04,46.965576171875
2017-08-07,46.96358871459961
2017-08-08,46.88612365722656
2017-08-09,46.682029724121094
2017-08-10,45.86317825317383
2017-08-11,46.185951232910156
2017-08-14,46.62492370605469
2017-08-15,46.58271026611328
2017-08-16,46.890098571777344
2017-08-17,46.065284729003906
2017-08-18,45.991790771484375
2017-08-21,45.72810745239258
2017-08-22,46.69792556762695
2017-08-23,46.806175231933594
2017-08-24,46.52362060546875
2017-08-25,46.20631408691406
2017-08-28,46.088626861572266
2017-08-29,46.467010498046875
2017-08-30,46.85831069946289
2017-08-31,47.43484115600586
2017-09-01,47.27345275878906
2017-09-05,46.751548767089844
2017-09-06,46.77836227416992
2017-09-07,47.169166564941406
2017-09-08,46.748069763183594
2017-09-11,46.841426849365234
2017-09-12,47.008277893066406
2017-09-13,47.19647979736328
2017-09-14,46.68451690673828
2017-09-15,46.44416809082031
2017-09-18,46.1690673828125
2017-09-19,46.522132873535156
2017-09-20,47.0524787902832
2017-09-21,47.052974700927734
2017-09-22,46.839942932128906
2017-09-25,46.39401626586914
2017-09-26,46.55043411254883
2017-09-27,47.66624069213867
2017-09-28,47.910057067871094
2017-09-29,48.352508544921875
2017-10-02,48.04214859008789
2017-10-03,48.27107620239258
2017-10-04,48.00788497924805
2017-10-05,48.92207717895508
2017-10-06,49.34168243408203
2017-10-09,49.27564239501953
2017-10-10,49.05168914794922
2017-10-11,49.93807601928711
2017-10-12,49.93807601928711
2017-10-13,50.04831314086914
2017-10-16,50.12180709838867
2017-10-17,50.20374298095703
2017-10-18,50.29014587402344
2017-10-19,49.74887466430664
2017-10-20,49.909271240234375
2017-10-23,48.939456939697266
2017-10-24,49.0859489440918
2017-10-25,49.233436584472656
2017-10-26,49.2314453125
2017-10-27,51.32947540283203
2017-10-30,51.30265808105469
2017-10-31,51.29819107055664
2017-11-01,51.77292251586914
2017-11-02,51.79128646850586
2017-11-03,52.1398811340332
2017-11-06,51.77688980102539
2017-11-07,52.259063720703125
2017-11-08,52.55204391479492
2017-11-09,52.02716064453125
2017-11-10,51.849884033203125
2017-11-13,51.703399658203125
2017-11-14,51.72524642944336
2017-11-15,51.46554183959961
2017-11-16,52.06440353393555
2017-11-17,51.43971633911133
2017-11-20,51.37863540649414
2017-11-21,52.15528106689453
2017-11-22,52.2357292175293
2017-11-24,52.464149475097656
2017-11-27,53.23334503173828
2017-11-28,52.80033493041992
2017-11-29,51.513702392578125
2017-11-30,51.453617095947266
2017-12-01,50.902427673339844
2017-12-04,50.246944427490234
2017-12-05,50.630794525146484
2017-12-06,51.28230285644531
2017-12-07,51.870750427246094
2017-12-08,52.109596252441406
2017-12-11,52.23820877075195
2017-12-12,52.079307556152344
2017-12-13,52.20940399169922
2017-12-14,52.51132583618164
2017-12-15,53.232845306396484
2017-12-18,53.88286590576172
2017-12-19,53.61918258666992
2017-12-20,53.3103141784668
2017-12-21,53.175743103027344
2017-12-22,53.07692337036133
2017-12-26,52.927452087402344
2017-12-27,52.646888732910156
2017-12-28,52.43584060668945
2017-12-29,52.3092155456543
2018-01-02,53.292930603027344
2018-01-03,54.20216369628906
2018-01-04,54.4127082824707
2018-01-05,55.13423538208008
2018-01-08,55.32889175415039
2018-01-09,55.25837326049805
2018-01-10,55.12678146362305
2018-01-11,55.22163009643555
2018-01-12,56.145263671875
2018-01-16,56.147743225097656
2018-01-17,56.56487274169922
2018-01-18,56.40943908691406
2018-01-19,56.78335952758789
2018-01-22,57.80928421020508
2018-01-23,58.40566635131836
2018-01-24,58.16333770751953
2018-01-25,58.702125549316406
2018-01-26,58.97126770019531
2018-01-29,58.917640686035156
2018-01-30,58.46525573730469
2018-01-31,58.70610046386719
2018-02-01,58.6748161315918
2018-02-02,55.576683044433594
2018-02-05,52.755638122558594
2018-02-06,53.85009002685547
2018-02-07,52.409027099609375
2018-02-08,50.040367126464844
2018-02-09,51.95515823364258
2018-02-12,52.3668212890625
2018-02-13,52.34596633911133
2018-02-14,53.267608642578125
2018-02-15,54.194217681884766
2018-02-16,54.399803161621094
2018-02-20,54.80153274536133
2018-02-21,55.30604934692383
2018-02-22,55.114864349365234
2018-02-23,56.01813507080078
2018-02-26,56.79329299926758
2018-02-27,55.49276351928711
2018-02-28,54.81791687011719
2018-03-01,53.203548431396484
2018-03-02,53.835689544677734
2018-03-05,54.36305236816406
2018-03-06,54.66794967651367
2018-03-07,55.37010192871094
2018-03-08,56.08219909667969
2018-03-09,57.64441680908203
2018-03-12,57.897178649902344
2018-03-13,56.60508728027344
2018-03-14,57.0510139465332
2018-03-15,57.13642501831055
2018-03-16,56.33246994018555
2018-03-19,54.626731872558594
2018-03-20,54.41469192504883
2018-03-21,54.325313568115234
2018-03-22,52.29679870605469
2018-03-23,50.975914001464844
2018-03-26,52.34347915649414
2018-03-27,50.002132415771484
2018-03-28,49.914730072021484
2018-03-29,51.50178527832031
2018-04-02,50.2846794128418
2018-04-03,50.585105895996094
2018-04-04,51.13282775878906
2018-04-05,51.27832794189453
2018-04-06,50.15160369873047
2018-04-09,50.65513229370117
2018-04-10,51.470008850097656
2018-04-11,50.90192413330078
2018-04-12,51.50923538208008
2018-04-13,51.4471549987793
2018-04-16,51.94672393798828
2018-04-17,53.59832763671875
2018-04-18,53.401187896728516
2018-04-19,54.099369049072266
2018-04-20,53.49702453613281
2018-04-23,53.322723388671875
2018-04-24,50.78175354003906
2018-04-25,50.799129486083984
2018-04-26,51.808170318603516
2018-04-27,51.219234466552734
2018-04-30,50.58014678955078
2018-05-01,51.68104934692383
2018-05-02,50.951087951660156
2018-05-03,50.963497161865234
2018-05-04,52.19003677368164
2018-05-07,52.610137939453125
2018-05-08,52.56694412231445
2018-05-09,54.07454299926758
2018-05-10,54.8948860168457
2018-05-11,54.79110336303711
2018-05-14,54.95100021362305
2018-05-15,53.87194061279297
2018-05-16,53.83320236206055
2018-05-17,53.69267654418945
2018-05-18,53.115657806396484
2018-05-21,53.82923126220703
2018-05-22,53.397216796875
2018-05-23,53.92606735229492
2018-05-24,53.90074157714844
2018-05-25,53.832706451416016
2018-05-29,53.037696838378906
2018-05-30,53.50447463989258
2018-05-31,54.623252868652344
2018-06-01,56.36127471923828
2018-06-04,57.2570915222168
2018-06-05,57.15678024291992
2018-06-06,56.954673767089844
2018-06-07,56.33246994018555
2018-06-08,56.247554779052734
2018-06-11,56.65425109863281
2018-06-12,57.01625442504883
2018-06-13,56.81960678100586
2018-06-14,57.60817337036133
2018-06-15,57.56645965576172
2018-06-18,58.77362823486328
2018-06-19,58.53080368041992
2018-06-20,58.79796600341797
2018-06-21,58.071475982666016
2018-06-22,58.064022064208984
2018-06-25,56.57380676269531
2018-06-26,56.24308395385742
2018-06-27,55.46445846557617
2018-06-28,55.95309066772461
2018-06-29,56.0727653503418
2018-07-02,56.71433639526367
2018-07-03,55.43168258666992
2018-07-05,56.673614501953125
2018-07-06,57.3583984375
2018-07-09,57.96421813964844
2018-07-10,57.9572639465332
2018-07-11,58.171791076660156
2018-07-12,59.651573181152344
2018-07-13,59.80849838256836
2018-07-16,59.41570281982422
2018-07-17,60.238529205322266
2018-07-18,60.23008728027344
2018-07-19,59.544315338134766
2018-07-20,59.483734130859375
2018-07-23,60.13523864746094
2018-07-24,62.476593017578125
2018-07-25,63.36000061035156
2018-07-26,63.8347282409668
2018-07-27,62.215396881103516
2018-07-30,61.08071517944336
2018-07-31,60.94069290161133
2018-08-01,61.227210998535156
2018-08-02,61.63142013549805
2018-08-03,61.483943939208984
2018-08-06,61.45960235595703
2018-08-07,62.36188507080078
2018-08-08,62.63450241088867
2018-08-09,62.7899284362793
2018-08-10,62.19652557373047
2018-08-13,62.00435256958008
2018-08-14,62.47610092163086
2018-08-15,61.18897247314453
2018-08-16,60.78376770019531
2018-08-17,60.37607955932617
2018-08-20,60.67898941040039
2018-08-21,60.45354080200195
2018-08-22,60.66905975341797
2018-08-23,60.6397590637207
2018-08-24,61.41392135620117
2018-08-27,62.383235931396484
2018-08-28,61.86630630493164
2018-08-29,62.79936218261719
2018-08-30,62.29236602783203
2018-08-31,61.16811752319336
2018-09-04,60.150638580322266
2018-09-05,59.544315338134766
2018-09-06,58.79399108886719
2018-09-07,58.4761848449707
2018-09-10,58.35055160522461
2018-09-11,59.09193420410156
2018-09-12,58.178733825683594
2018-09-13,58.702125549316406
2018-09-14,58.495548248291016
2018-09-17,57.594268798828125
2018-09-18,57.955772399902344
2018-09-19,58.31132125854492
2018-09-20,59.17039108276367
2018-09-21,58.20455551147461
2018-09-24,58.574005126953125
2018-09-25,59.28560256958008
2018-09-26,59.294044494628906
2018-09-27,59.954490661621094
2018-09-28,59.940582275390625
2018-10-01,60.01258850097656
2018-10-02,59.96839141845703
2018-10-03,60.161556243896484
2018-10-04,58.45036315917969
2018-10-05,57.99152755737305
2018-10-08,57.400108337402344
2018-10-09,56.86628723144531
2018-10-10,54.23394775390625
2018-10-11,54.16342544555664
2018-10-12,55.643218994140625
2018-10-15,54.74442672729492
2018-10-16,56.265926361083984
2018-10-17,55.99331283569336
2018-10-18,54.51947784423828
2018-10-19,54.8804817199707
2018-10-22,55.1878662109375
2018-10-23,55.363651275634766
2018-10-24,52.49394607543945
2018-10-25,54.80153274536133
2018-10-26,53.816322326660156
2018-10-29,51.38211441040039
2018-10-30,52.116050720214844
2018-10-31,54.15548324584961
2018-11-01,53.92705535888672
2018-11-02,53.20752716064453
2018-11-05,52.424922943115234
2018-11-06,53.1121826171875
2018-11-07,55.03243637084961
2018-11-08,54.356597900390625
2018-11-09,53.48213195800781
2018-11-12,52.108604431152344
2018-11-13,52.039581298828125
2018-11-14,52.36781311035156
2018-11-15,53.18567657470703
2018-11-16,53.04762268066406
2018-11-19,51.01911163330078
2018-11-20,51.16958236694336
2018-11-21,51.81413650512695
2018-11-23,51.15220260620117
2018-11-26,52.43534469604492
2018-11-27,52.25360107421875
2018-11-28,54.215572357177734
2018-11-29,54.35411834716797
2018-11-30,55.102455139160156
2018-12-03,55.4356575012207
2018-12-04,52.75960922241211
2018-12-06,53.534767150878906
2018-12-07,51.970550537109375
2018-12-10,52.29829406738281
2018-12-11,52.71889114379883
2018-12-12,53.31875228881836
2018-12-13,53.30931854248047
2018-12-14,52.22529602050781
2018-12-17,50.931217193603516
2018-12-18,51.813140869140625
2018-12-19,51.41836166381836
2018-12-20,50.828426361083984
2018-12-21,49.22300338745117
2018-12-24,48.89625549316406
2018-12-26,52.03361511230469
2018-12-27,52.28438949584961
2018-12-28,51.975521087646484
2018-12-31,51.890113830566406
2019-01-02,52.37277603149414
2019-01-03,50.92228317260742
2019-01-04,53.53426742553711
2019-01-07,53.42750549316406
2019-01-08,53.89677047729492
2019-01-09,53.7120475769043
2019-01-10,53.5720100402832
2019-01-11,52.85892868041992
2019-01-14,52.21536636352539
2019-01-15,53.95337677001953
2019-01-16,54.10234832763672
2019-01-17,54.579559326171875
2019-01-18,54.98575973510742
2019-01-22,53.56207275390625
2019-01-23,53.849098205566406
2019-01-24,53.828739166259766
2019-01-25,54.698238372802734
2019-01-28,53.6231575012207
2019-01-29,53.13650894165039
2019-01-30,54.52345275878906
2019-01-31,55.90888977050781
2019-02-01,55.54787826538086
2019-02-04,56.68007278442383
2019-02-05,57.19899368286133
2019-02-06,55.759918212890625
2019-02-07,54.9167366027832
2019-02-08,54.7414436340332
2019-02-11,54.72853469848633
2019-02-12,55.99281311035156
2019-02-13,56.04494857788086
2019-02-14,56.07325744628906
2019-02-15,55.59803009033203
2019-02-19,55.93967819213867
2019-02-20,55.64570617675781
2019-02-21,54.832313537597656
2019-02-22,55.44558334350586
2019-02-25,55.48382568359375
2019-02-26,55.716217041015625
2019-02-27,55.759918212890625
2019-02-28,55.9416618347168
2019-03-01,57.03263854980469
2019-03-04,57.27595901489258
2019-03-05,58.05906295776367
2019-03-06,57.84801483154297
2019-03-07,57.14834213256836
2019-03-08,57.104644775390625
2019-03-11,58.559112548828125
2019-03-12,59.452449798583984
2019-03-13,59.542327880859375
2019-03-14,59.21806716918945
2019-03-15,59.107330322265625
2019-03-18,59.02043533325195
2019-03-19,59.71116256713867
2019-03-20,60.90145492553711
2019-03-21,61.38312911987305
2019-03-22,59.96888732910156
2019-03-25,59.45890808105469
2019-03-26,59.08448791503906
2019-03-27,58.49704360961914
2019-03-28,58.21200942993164
2019-03-29,58.44142532348633
2019-04-01,59.53835678100586
2019-04-02,59.864112854003906
2019-04-03,60.12580871582031
2019-04-04,60.554847717285156
2019-04-05,60.157588958740234
2019-04-08,60.00017547607422
2019-04-09,59.722591400146484
2019-04-10,59.90929412841797
2019-04-11,60.065223693847656
2019-04-12,60.71772766113281
2019-04-15,60.90642547607422
2019-04-16,61.173580169677734
2019-04-17,61.5822639465332
2019-04-18,61.64830780029297
2019-04-22,62.25859832763672
2019-04-23,63.094329833984375
2019-04-24,62.570945739746094
2019-04-25,62.93294906616211
2019-04-26,63.433494567871094
2019-04-29,64.36605834960938
2019-04-30,59.5373649597168
2019-05-01,58.2641487121582
2019-05-02,57.92597961425781
2019-05-03,59.07008743286133
2019-05-06,59.264251708984375
2019-05-07,58.539249420166016
2019-05-08,58.13801956176758
2019-05-09,57.998477935791016
2019-05-10,57.982093811035156
2019-05-13,56.440223693847656
2019-05-14,55.85774612426758
2019-05-15,58.13901138305664
2019-05-16,58.81932067871094
2019-05-17,58.038700103759766
2019-05-20,56.840965270996094
2019-05-21,57.32661056518555
2019-05-22,57.396629333496094
2019-05-23,56.87472915649414
2019-05-24,56.540531158447266
2019-05-28,56.587711334228516
2019-05-29,55.61343002319336
2019-05-30,55.68642044067383
2019-05-31,54.9460334777832
2019-06-03,51.581241607666016
2019-06-04,52.363338470458984
2019-06-05,51.87421798706055
2019-06-06,52.02915573120117
2019-06-07,53.05259323120117
2019-06-10,53.76716232299805
2019-06-11,53.6817512512207
2019-06-12,53.585418701171875
2019-06-13,54.17683792114258
2019-06-14,53.94294738769531
2019-06-17,54.319854736328125
2019-06-18,54.88346481323242
2019-06-19,54.84720993041992
2019-06-20,55.27873611450195
2019-06-21,55.88307189941406
2019-06-24,55.45254135131836
2019-06-25,54.00651168823242
2019-06-26,53.645999908447266
2019-06-27,53.46276092529297
2019-06-28,53.76914596557617
2019-07-01,54.623252868652344
2019-07-02,55.24894332885742
2019-07-03,55.76488494873047
2019-07-05,56.24557113647461
2019-07-08,55.457008361816406
2019-07-09,55.82944107055664
2019-07-10,56.65475082397461
2019-07-11,56.812156677246094
2019-07-12,56.87472915649414
2019-07-15,57.1314582824707
2019-07-16,57.2779541015625
2019-07-17,56.944252014160156
2019-07-18,56.969078063964844
2019-07-19,56.18994903564453
2019-07-22,56.5703239440918
2019-07-23,57.00930404663086
2019-07-24,56.59614944458008
2019-07-25,56.4079475402832
2019-07-26,61.83452224731445
2019-07-29,61.66667938232422
2019-07-30,60.97941970825195
2019-07-31,60.492774963378906
2019-08-01,60.173973083496094
2019-08-02,59.40626907348633
2019-08-05,57.34200668334961
2019-08-06,58.152915954589844
2019-08-07,58.392757415771484
2019-08-08,59.896392822265625
2019-08-09,59.037811279296875
2019-08-12,58.32273864746094
2019-08-13,59.42662811279297
2019-08-14,57.81374740600586
2019-08-15,58.06551742553711
2019-08-16,58.5566291809082
2019-08-19,59.61085510253906
2019-08-20,58.771148681640625
2019-08-21,59.17089080810547
2019-08-22,59.167911529541016
2019-08-23,57.28390884399414
2019-08-26,58.15787887573242
2019-08-27,58.1400032043457
2019-08-28,58.28549575805664
2019-08-29,59.302982330322266
2019-08-30,59.118751525878906
2019-09-03,58.076934814453125
2019-09-04,58.70858383178711
2019-09-05,60.194332122802734
2019-09-06,59.9028434753418
2019-09-09,59.8507080078125
2019-09-10,59.87205123901367
2019-09-11,60.58216094970703
2019-09-12,61.32553482055664
2019-09-13,61.57680130004883
2019-09-16,61.1596794128418
2019-09-17,61.07278060913086
2019-09-18,61.210323333740234
2019-09-19,61.513240814208984
2019-09-20,61.07078170776367
2019-09-23,61.31163024902344
2019-09-24,60.49923324584961
2019-09-25,61.870277404785156
2019-09-26,61.689022064208984
2019-09-27,60.877628326416016
2019-09-30,60.638771057128906
2019-10-01,59.88695526123047
2019-10-02,58.49256896972656
2019-10-03,59.06412887573242
2019-10-04,60.13325881958008
2019-10-07,59.998680114746094
2019-10-08,59.0988883972168
2019-10-09,59.70818328857422
2019-10-10,60.059261322021484
2019-10-11,60.36912536621094
2019-10-14,60.47142028808594
2019-10-15,61.68654251098633
2019-10-16,61.72428512573242
2019-10-17,62.21092224121094
2019-10-18,61.79430389404297
2019-10-21,61.787841796875
2019-10-22,61.6348991394043
2019-10-23,62.45077133178711
2019-10-24,62.524269104003906
2019-10-25,62.78199005126953
2019-10-28,64.00752258300781
2019-10-29,62.601234436035156
2019-10-30,62.60321807861328
2019-10-31,62.50886535644531
2019-11-01,63.17676544189453
2019-11-04,64.038818359375
2019-11-05,64.12969207763672
2019-11-06,64.10833740234375
2019-11-07,64.89937591552734
2019-11-08,65.00167846679688
2019-11-11,64.46935272216797
2019-11-12,64.41620635986328
2019-11-13,64.36506652832031
2019-11-14,65.00912475585938
2019-11-15,66.22026824951172
2019-11-18,65.53997039794922
2019-11-19,65.1799545288086
2019-11-20,64.6471176147461
2019-11-21,64.56171417236328
2019-11-22,64.24043273925781
2019-11-25,64.8348388671875
2019-11-26,65.2003173828125
2019-11-27,65.15709686279297
2019-11-29,64.75785827636719
2019-12-02,64.00157165527344
2019-12-03,64.29356384277344
2019-12-04,65.49526977539062
2019-12-05,65.89351654052734
2019-12-06,66.51075744628906
2019-12-09,66.68953704833984
2019-12-10,66.68457794189453
2019-12-11,66.75210571289062
2019-12-12,66.96265411376953
2019-12-13,66.8822021484375
2019-12-16,67.56897735595703
2019-12-17,67.28046417236328
2019-12-18,67.13248443603516
2019-12-19,67.35742950439453
2019-12-20,67.09821319580078
2019-12-23,67.06892395019531
2019-12-24,66.76104736328125
2019-12-26,67.6568603515625
2019-12-27,67.2680435180664
2019-12-30,66.52664947509766
2019-12-31,66.51075744628906
2020-01-02,67.96522521972656
2020-01-03,67.60968780517578
2020-01-06,69.4117660522461
2020-01-07,69.2776870727539
2020-01-08,69.77078247070312
2020-01-09,70.50323486328125
2020-01-10,70.95858764648438
2020-01-13,71.50830841064453
2020-01-14,71.03953552246094
2020-01-15,71.46708679199219
2020-01-16,72.01132202148438
2020-01-17,73.46928405761719
2020-01-21,73.60484313964844
2020-01-22,73.6852798461914
2020-01-23,73.72599792480469
2020-01-24,72.80634307861328
2020-01-27,71.09615325927734
2020-01-28,72.0282211303711
2020-01-29,72.33609008789062
2020-01-30,72.21442413330078
2020-01-31,71.14827728271484
2020-02-03,73.6222152709961
2020-02-04,71.77545928955078
2020-02-05,71.80723571777344
2020-02-06,73.2929916381836
2020-02-07,73.44891357421875
2020-02-10,74.91629791259766
2020-02-11,74.9858169555664
2020-02-12,75.41138458251953
2020-02-13,75.15116119384766
2020-02-14,75.41633605957031
2020-02-18,75.45160675048828
2020-02-19,75.72123718261719
2020-02-20,75.3299331665039
2020-02-21,73.66492462158203
2020-02-24,70.5067138671875
2020-02-25,68.84119415283203
2020-02-26,69.0472640991211
2020-02-27,65.29713439941406
2020-02-28,66.50381469726562
2020-03-02,68.84119415283203
2020-03-03,66.4278335571289
2020-03-04,68.6068115234375
2020-03-05,65.28771209716797
2020-03-06,64.34322357177734
2020-03-09,60.37310028076172
2020-03-10,63.32176208496094
2020-03-11,60.13027572631836
2020-03-12,55.19680404663086
2020-03-13,60.2976188659668
2020-03-16,53.28250503540039
2020-03-17,55.52007293701172
2020-03-18,54.18577575683594
2020-03-19,55.202762603759766
2020-03-20,53.04464340209961
2020-03-23,52.34547424316406
2020-03-24,56.11348342895508
2020-03-25,54.703704833984375
2020-03-26,57.747703552246094
2020-03-27,55.13274383544922
2020-03-30,56.92289352416992
2020-03-31,57.69953918457031
2020-04-01,54.7275390625
2020-04-02,55.46892547607422
2020-04-03,54.2607536315918
2020-04-06,58.75426483154297
2020-04-07,58.72297668457031
2020-04-08,59.93661117553711
2020-04-09,59.915252685546875
2020-04-13,60.10594177246094
2020-04-14,62.82817077636719
2020-04-15,62.43438720703125
2020-04-16,62.44083786010742
2020-04-17,63.5119514465332
2020-04-20,62.62556457519531
2020-04-21,60.192848205566406
2020-04-22,62.489505767822266
2020-04-23,63.12313461303711
2020-04-24,63.39277267456055
2020-04-27,63.10773849487305
2020-04-28,61.20734786987305
2020-04-29,66.6493148803711
2020-04-30,66.87376403808594
2020-05-01,65.41482543945312
2020-05-04,65.6919174194336
2020-05-05,66.98896789550781
2020-05-06,66.81070709228516
2020-05-07,67.99502563476562
2020-05-08,68.74287414550781
2020-05-11,69.69878387451172
2020-05-12,68.28801727294922
2020-05-13,66.9547119140625
2020-05-14,67.37828826904297
2020-05-15,68.18273162841797
2020-05-18,68.78459167480469
2020-05-19,68.24927520751953
2020-05-20,69.97537231445312
2020-05-21,69.85569763183594
2020-05-22,70.17797088623047
2020-05-26,70.5816879272461
2020-05-27,70.52755737304688
2020-05-28,70.42626953125
2020-05-29,71.18504333496094
2020-06-01,71.25205993652344
2020-06-02,71.62151336669922
2020-06-03,71.46956634521484
2020-06-04,70.23060607910156
2020-06-05,71.50780487060547
2020-06-08,71.90605926513672
2020-06-09,72.10667419433594
2020-06-10,72.73335266113281
2020-06-11,69.61486053466797
2020-06-12,70.16209411621094
2020-06-15,70.55039978027344
2020-06-16,71.82809448242188
2020-06-17,72.1295166015625
2020-06-18,71.21482849121094
2020-06-19,70.74408721923828
2020-06-22,72.03614807128906
2020-06-23,72.69759368896484
2020-06-24,71.1443099975586
2020-06-25,71.56143188476562
2020-06-26,67.66033935546875
2020-06-29,69.37997436523438
2020-06-30,70.41682434082031
2020-07-01,71.60613250732422
2020-07-02,72.99305725097656
2020-07-06,74.46887969970703
2020-07-07,73.9857177734375
2020-07-08,74.66503143310547
2020-07-09,75.41287994384766
2020-07-10,76.42340087890625
2020-07-13,75.09357452392578
2020-07-14,75.5221176147461
2020-07-15,75.32447814941406
2020-07-16,75.2271499633789
2020-07-17,75.3229751586914
2020-07-20,77.6563949584961
2020-07-21,77.26310729980469
2020-07-22,77.70653533935547
2020-07-23,75.31802368164062
2020-07-24,74.89395141601562
2020-07-27,75.94768524169922
2020-07-28,74.6675033569336
2020-07-29,75.6537094116211
2020-07-30,76.39161682128906
2020-07-31,73.88787841796875
2020-08-03,73.63016510009766
2020-08-04,73.16041564941406
2020-08-05,73.44792175292969
2020-08-06,74.73206329345703
2020-08-07,74.40532684326172
2020-08-10,74.3283462524414
2020-08-11,73.51993560791016
2020-08-12,74.84577178955078
2020-08-13,75.31305694580078
2020-08-14,74.7161865234375
2020-08-17,75.2927017211914
2020-08-18,77.25614929199219
2020-08-19,76.70148468017578
2020-08-20,78.27265167236328
2020-08-21,78.23888397216797
2020-08-24,78.714599609375
2020-08-25,79.74251556396484
2020-08-26,81.64339447021484
2020-08-27,80.86824035644531
2020-08-28,81.41000366210938
2020-08-31,80.91840362548828
2020-09-01,82.1871566772461
2020-09-02,85.28130340576172
2020-09-03,80.91740417480469
2020-09-04,78.51895141601562
2020-09-08,75.6581802368164
2020-09-09,76.83158111572266
2020-09-10,75.77983856201172
2020-09-11,75.26887512207031
2020-09-14,74.92472839355469
2020-09-15,76.23023223876953
2020-09-16,75.08661651611328
2020-09-17,73.84269714355469
2020-09-18,72.05750274658203
2020-09-21,71.01718139648438
2020-09-22,72.49102020263672
2020-09-23,69.9867935180664
2020-09-24,70.65567779541016
2020-09-25,71.46013641357422
2020-09-28,72.43342590332031
2020-09-29,72.79888916015625
2020-09-30,72.7780532836914
2020-10-01,73.88540649414062
2020-10-02,72.28145599365234
2020-10-05,73.6336441040039
2020-10-06,72.05404663085938
2020-10-07,72.4572525024414
2020-10-08,73.66343688964844
2020-10-09,75.00518798828125
2020-10-12,77.69363403320312
2020-10-13,77.8167953491211
2020-10-14,77.63653564453125
2020-10-15,77.24076080322266
2020-10-16,77.84807586669922
2020-10-19,75.97350311279297
2020-10-20,77.02276611328125
2020-10-21,78.75630950927734
2020-10-22,79.7827377319336
2020-10-23,81.0897216796875
2020-10-26,78.6718978881836
2020-10-27,79.39639282226562
2020-10-28,75.02257537841797
2020-10-29,77.31078338623047
2020-10-30,80.25199127197266
2020-11-02,80.6596908569336
2020-11-03,81.71937561035156
2020-11-04,86.69456481933594
2020-11-05,87.52135467529297
2020-11-06,87.38380432128906
2020-11-09,87.46773529052734
2020-11-10,86.29084777832031
2020-11-11,86.76309204101562
2020-11-12,86.5440902709961
2020-11-13,88.0060043334961
2020-11-16,88.09390258789062
2020-11-17,87.47965240478516
2020-11-18,86.43583679199219
2020-11-19,87.32620239257812
2020-11-20,86.22429656982422
2020-11-23,85.78633880615234
2020-11-24,87.59088134765625
2020-11-25,87.602294921875
2020-11-27,88.73896789550781
2020-11-30,87.11913299560547
2020-12-01,89.15310668945312
2020-12-02,90.62345123291016
2020-12-03,90.46803283691406
2020-12-04,90.56338500976562
2020-12-07,90.22917938232422
2020-12-08,89.94612884521484
2020-12-09,88.28408813476562
2020-12-10,87.77709197998047
2020-12-11,88.13214111328125
2020-12-14,87.01286315917969
2020-12-15,87.45084381103516
2020-12-16,87.2576675415039
2020-12-17,86.42938995361328
2020-12-18,85.71977996826172
2020-12-21,86.13391876220703
2020-12-22,85.42184448242188
2020-12-23,85.8196029663086
2020-12-24,86.11406707763672
2020-12-28,88.09043884277344
2020-12-29,87.28598022460938
2020-12-30,86.21784210205078
2020-12-31,87.03174591064453
2021-01-04,85.71531677246094
2021-01-05,86.40655517578125
2021-01-06,85.5539321899414
2021-01-07,88.10931396484375
2021-01-08,89.27576446533203
2021-01-11,87.21298217773438
2021-01-12,86.27644348144531
2021-01-13,86.76406860351562
2021-01-14,85.95316314697266
2021-01-15,85.78929138183594
2021-01-19,88.61234283447266
2021-01-20,93.35958862304688
2021-01-21,93.56219482421875
2021-01-22,93.97980499267578
2021-01-25,94.06522369384766
2021-01-26,94.7440414428711
2021-01-27,90.32402038574219
2021-01-28,92.02529907226562
2021-01-29,90.74213409423828
2021-02-01,94.00514221191406
2021-02-02,95.29871368408203
2021-02-03,102.23885345458984
2021-02-04,101.9781494140625
2021-02-05,103.72608184814453
2021-02-08,103.51206970214844
2021-02-09,103.0586929321289
2021-02-10,103.6093978881836
2021-02-11,103.72212219238281
2021-02-12,104.0339584350586
2021-02-16,104.81209564208984
2021-02-17,105.20539093017578
2021-02-18,104.56927490234375
2021-02-19,103.72509002685547
2021-02-22,102.00942993164062
2021-02-23,102.30042266845703
2021-02-24,103.47681427001953
2021-02-25,100.1070556640625
2021-02-26,100.40300750732422
2021-03-01,102.77416229248047
2021-03-02,102.51692962646484
2021-03-03,99.88160705566406
2021-03-04,100.99989318847656
2021-03-05,104.13526153564453
2021-03-08,99.68744659423828
2021-03-09,101.3191909790039
2021-03-10,101.11212158203125
2021-03-11,104.30757904052734
2021-03-12,101.79788970947266
2021-03-15,102.01837158203125
2021-03-16,103.48078155517578
2021-03-17,103.39784240722656
2021-03-18,100.37471008300781
2021-03-19,100.6537857055664
2021-03-22,100.83900451660156
2021-03-23,101.36735534667969
2021-03-24,100.93038177490234
2021-03-25,100.92689514160156
2021-03-26,100.54304504394531
2021-03-29,101.58883666992188
2021-03-30,101.62261199951172
2021-03-31,102.41960906982422
2021-04-01,105.75956726074219
2021-04-05,110.18801879882812
2021-04-06,109.70633697509766
2021-04-07,111.18465423583984
2021-04-08,111.75074005126953
2021-04-09,112.75582122802734
2021-04-12,111.46224212646484
2021-04-13,111.94937133789062
2021-04-14,111.3276596069336
2021-04-15,113.47981262207031
2021-04-16,113.35567474365234
2021-04-19,113.70376586914062
2021-04-20,113.16996002197266
2021-04-21,113.13719177246094
2021-04-22,111.85453796386719
2021-04-23,114.20879364013672
2021-04-26,114.70536041259766
2021-04-27,113.76435089111328
2021-04-28,117.14405059814453
2021-04-29,118.81849670410156
2021-04-30,116.86894989013672
2021-05-03,116.35150146484375
2021-05-04,114.55142974853516
2021-05-05,114.94571685791016
2021-05-06,116.06697845458984
2021-05-07,116.79096984863281
2021-05-10,113.8025894165039
2021-05-11,112.72551727294922
2021-05-12,109.2589340209961
2021-05-13,110.68856811523438
2021-05-14,113.138671875
2021-05-17,113.66206359863281
2021-05-18,112.34861755371094
2021-05-19,112.79702758789062
2021-05-20,114.5573959350586
2021-05-21,113.92076873779297
2021-05-24,117.24336242675781
2021-05-25,117.334228515625
2021-05-26,118.20027160644531
2021-05-27,117.3248062133789
2021-05-28,117.0353012084961
2021-06-01,118.24346160888672
2021-06-02,117.71759033203125
2021-06-03,116.5749740600586
2021-06-04,118.85871887207031
2021-06-07,119.292236328125
2021-06-08,119.10054016113281
2021-06-09,119.57229614257812
2021-06-10,120.9224853515625
2021-06-11,120.67768096923828
2021-06-14,121.60676574707031
2021-06-15,120.5877914428711
2021-06-16,119.94522094726562
2021-06-17,120.9095687866211
2021-06-18,119.28826141357422
2021-06-21,120.97810363769531
2021-06-22,121.49254608154297
2021-06-23,121.29045104980469
2021-06-24,121.66089630126953
2021-06-25,121.66934204101562
2021-06-28,121.69664764404297
2021-06-29,121.43495178222656
2021-06-30,121.25320434570312
2021-07-01,121.60577392578125
2021-07-02,124.3995132446289
2021-07-06,125.32562255859375
2021-07-07,125.60767364501953
2021-07-08,124.18746948242188
2021-07-09,124.6587142944336
2021-07-12,126.10572814941406
2021-07-13,126.46923065185547
2021-07-14,127.35859680175781
2021-07-15,126.1350326538086
2021-07-16,126.10027313232422
2021-07-19,123.72466278076172
2021-07-20,125.34498596191406
2021-07-21,126.6753158569336
2021-07-22,127.54182434082031
2021-07-23,132.10386657714844
2021-07-26,133.1168975830078
2021-07-27,130.99649047851562
2021-07-28,135.16175842285156
2021-07-29,134.84744262695312
2021-07-30,133.80364990234375
2021-08-02,133.93077087402344
2021-08-03,134.70095825195312
2021-08-04,134.19993591308594
2021-08-05,135.3181915283203
2021-08-06,134.8087158203125
2021-08-09,135.97515869140625
2021-08-10,135.86988830566406
2021-08-11,135.3455047607422
2021-08-12,136.25424194335938
2021-08-13,136.78408813476562
2021-08-16,137.3621063232422
2021-08-17,135.72540283203125
2021-08-18,134.52120971679688
2021-08-19,134.75059509277344
2021-08-20,136.48812866210938
2021-08-23,139.0822296142578
2021-08-24,140.2938995361328
2021-08-25,141.1057891845703
2021-08-26,140.4716339111328
2021-08-27,143.017578125
2021-08-30,143.60006713867188
2021-08-31,143.70632934570312
2021-09-01,144.22079467773438
2021-09-02,142.30551147460938
2021-09-03,142.75491333007812
2021-09-07,143.29220581054688
2021-09-08,142.7067413330078
2021-09-09,142.55776977539062
2021-09-10,139.91102600097656
2021-09-13,141.3575439453125
2021-09-14,141.56808471679688
2021-09-15,143.440185546875
2021-09-16,142.6262969970703
2021-09-17,139.8355255126953
2021-09-20,137.769287109375
2021-09-21,138.0806427001953
2021-09-22,139.32257080078125
2021-09-23,140.2487030029297
2021-09-24,141.24082946777344
2021-09-27,140.10568237304688
2021-09-28,134.89959716796875
2021-09-29,133.43319702148438
2021-09-30,132.76034545898438
2021-10-01,135.6077117919922
2021-10-04,132.7439422607422
2021-10-05,135.0912628173828
2021-10-06,136.62269592285156
2021-10-07,138.27134704589844
2021-10-08,138.82798767089844
2021-10-11,137.9624481201172
2021-10-12,135.51434326171875
2021-10-13,136.63958740234375
2021-10-14,140.1841278076172
2021-10-15,140.39964294433594
2021-10-18,141.79998779296875
2021-10-19,142.25584411621094
2021-10-20,140.79791259765625
2021-10-21,140.91409301757812
2021-10-22,136.6241912841797
2021-10-25,136.50552368164062
2021-10-26,138.354248046875
2021-10-27,145.2159423828125
2021-10-28,144.84996032714844
2021-10-29,147.0319061279297
2021-11-01,142.51406860351562
2021-11-02,144.43629455566406
2021-11-03,145.59385681152344
2021-11-04,147.2519073486328
2021-11-05,147.8323974609375
2021-11-08,148.01016235351562
2021-11-09,147.89842224121094
2021-11-10,144.89414978027344
2021-11-11,144.7680206298828
2021-11-12,147.65956115722656
2021-11-15,147.43511962890625
2021-11-16,146.8630828857422
2021-11-17,147.03289794921875
2021-11-18,148.8121337890625
2021-11-19,147.90638732910156
2021-11-22,145.2998504638672
2021-11-23,144.7834014892578
2021-11-24,145.11911010742188
2021-11-26,141.20907592773438
2021-11-29,144.5336456298828
2021-11-30,140.92552185058594
2021-12-01,140.0853271484375
2021-12-02,141.9866943359375
2021-12-03,141.02880859375
2021-12-06,142.1743927001953
2021-12-07,146.26072692871094
2021-12-08,147.17144775390625
2021-12-09,146.627197265625
2021-12-10,146.98773193359375
2021-12-13,144.82760620117188
2021-12-14,142.9212646484375
2021-12-15,145.4379119873047
2021-12-16,143.45558166503906
2021-12-17,140.75421142578125
2021-12-20,140.6370086669922
2021-12-21,142.48976135253906
2021-12-22,145.4120635986328
2021-12-23,145.91014099121094
2021-12-27,146.8933563232422
2021-12-28,145.68222045898438
2021-12-29,145.6504364013672
2021-12-30,145.1990509033203
2021-12-31,143.85980224609375
2022-01-03,143.99832153320312
2022-01-04,143.410400390625
2022-01-05,136.83126831054688
2022-01-06,136.80393981933594
2022-01-07,136.07843017578125
2022-01-10,137.7196502685547
2022-01-11,138.77880859375
2022-01-12,140.46170043945312
2022-01-13,137.63771057128906
2022-01-14,138.52505493164062
2022-01-18,135.06642150878906
2022-01-19,134.19094848632812
2022-01-20,132.3943634033203
2022-01-21,129.4586181640625
2022-01-24,129.9080352783203
2022-01-25,126.06551361083984
2022-01-26,128.3477783203125
2022-01-27,128.121337890625
2022-01-28,132.4375762939453
2022-01-31,134.37667846679688
2022-02-01,136.70114135742188
2022-02-02,146.98623657226562
2022-02-03,142.10984802246094
2022-02-04,142.31146240234375
2022-02-07,138.24749755859375
2022-02-08,138.44415283203125
2022-02-09,140.6221160888672
2022-02-10,137.6704559326172
2022-02-11,133.3626708984375
2022-02-14,134.59767150878906
2022-02-15,135.6727752685547
2022-02-16,136.79452514648438
2022-02-17,131.63113403320312
2022-02-18,129.50975036621094
2022-02-22,128.92430114746094
2022-02-23,126.71403503417969
2022-02-24,131.78207397460938
2022-02-25,133.53848266601562
2022-02-28,134.13189697265625
2022-03-01,133.1431884765625
2022-03-02,133.64968872070312
2022-03-03,132.9822998046875
2022-03-04,131.00294494628906
2022-03-07,125.51282501220703
2022-03-08,126.23385620117188
2022-03-09,132.50608825683594
2022-03-10,131.52236938476562
2022-03-11,128.98089599609375
2022-03-14,125.0882568359375
2022-03-15,128.31301879882812
2022-03-16,132.3675537109375
2022-03-17,132.92222595214844
2022-03-18,135.19305419921875
2022-03-21,135.1692352294922
2022-03-22,138.909912109375
2022-03-23,137.32833862304688
2022-03-24,140.60227966308594
2022-03-25,140.7025604248047
2022-03-28,140.48655700683594
2022-03-29,141.5293426513672
2022-03-30,140.9662322998047
2022-03-31,138.1149139404297
2022-04-01,139.19049072265625
2022-04-04,141.99217224121094
2022-04-05,139.6279754638672
2022-04-06,135.6126708984375
2022-04-07,134.95770263671875
2022-04-08,132.37449645996094
2022-04-11,127.94107055664062
2022-04-12,126.83967590332031
2022-04-13,129.0042266845703
2022-04-14,125.8619155883789
2022-04-18,126.80194091796875
2022-04-19,129.1184539794922
2022-04-20,127.16293334960938
2022-04-21,123.95953369140625
2022-04-22,118.8160171508789
2022-04-25,122.23096466064453
2022-04-26,117.83726501464844
2022-04-27,113.51160430908203
2022-04-28,117.71063232421875
2022-04-29,113.3278579711914
2022-05-02,115.78441619873047
2022-05-03,116.53028106689453
2022-05-04,121.42353057861328
2022-05-05,115.70745086669922
2022-05-06,114.95365905761719
2022-05-09,111.74031066894531
2022-05-10,113.61140441894531
2022-05-11,112.82434844970703
2022-05-12,112.07102966308594
2022-05-13,115.25556182861328
2022-05-16,113.66107177734375
2022-05-17,115.67517852783203
2022-05-18,111.13300323486328
2022-05-19,109.62789154052734
2022-05-20,108.16199493408203
2022-05-23,110.72431945800781
2022-05-24,105.24412536621094
2022-05-25,105.08025360107422
2022-05-26,107.05414581298828
2022-05-27,111.54714965820312
2022-05-31,112.98274993896484
2022-06-01,113.11185455322266
2022-06-02,116.8167953491211
2022-06-03,113.75640869140625
2022-06-06,116.02030181884766
2022-06-07,116.34703826904297
2022-06-08,116.3912353515625
2022-06-09,114.04888916015625
2022-06-10,110.40006256103516
2022-06-13,105.6637191772461
2022-06-14,105.98451232910156
2022-06-15,109.01264190673828
2022-06-16,105.30718231201172
2022-06-17,106.40959167480469
2022-06-21,110.77994537353516
2022-06-22,110.72382354736328
2022-06-23,111.47315216064453
2022-06-24,117.16690063476562
2022-06-27,115.04006958007812
2022-06-28,111.24024963378906
2022-06-29,110.93636322021484
2022-06-30,108.21661376953125
2022-07-01,107.99266052246094
2022-07-05,112.4871597290039
2022-07-06,113.78720092773438
2022-07-07,117.96935272216797
2022-07-08,118.53594970703125
2022-07-11,114.88412475585938
2022-07-12,113.23948669433594
2022-07-13,110.59074401855469
2022-07-14,109.61149597167969
2022-07-15,111.0118408203125
2022-07-18,108.28316497802734
2022-07-19,113.0304183959961
2022-07-20,113.11981201171875
2022-07-21,113.5567855834961
2022-07-22,107.1609115600586
2022-07-25,106.77357482910156
2022-07-26,104.30062103271484
2022-07-27,112.28556060791016
2022-07-28,113.43760681152344
2022-07-29,115.52323150634766
2022-08-01,114.07322692871094
2022-08-02,114.34137725830078
2022-08-03,117.27117919921875
2022-08-04,117.38041687011719
2022-08-05,116.66534423828125
2022-08-08,116.49651336669922
2022-08-09,115.83109283447266
2022-08-10,118.88007354736328
2022-08-11,118.02595520019531
2022-08-12,120.84651184082031
2022-08-15,121.24378204345703
2022-08-16,120.86636352539062
2022-08-17,118.7311019897461
2022-08-18,119.34684753417969
2022-08-19,116.4071273803711
2022-08-22,113.45747375488281
2022-08-23,113.08007049560547
2022-08-24,112.91124725341797
2022-08-25,115.85096740722656
2022-08-26,109.58418273925781
2022-08-29,108.67048645019531
2022-08-30,108.19377136230469
2022-08-31,107.47870635986328
2022-09-01,108.98828125
2022-09-02,107.11124420166016
2022-09-06,106.078369140625
2022-09-07,108.70027923583984
2022-09-08,107.63761138916016
2022-09-09,109.8920669555664
2022-09-12,110.10061645507812
2022-09-13,103.60542297363281
2022-09-14,104.28076171875
2022-09-15,102.20509338378906
2022-09-16,102.09583282470703
2022-09-19,102.3639907836914
2022-09-20,100.44721221923828
2022-09-21,98.59994506835938
2022-09-22,99.45405578613281
2022-09-23,98.06364440917969
2022-09-26,97.49755096435547
2022-09-27,96.83213806152344
2022-09-28,99.36466979980469
2022-09-29,96.752685546875
2022-09-30,94.99481964111328
2022-10-03,97.9643325805664
2022-10-04,100.94377899169922
2022-10-05,100.73522186279297
2022-10-06,100.72528839111328
2022-10-07,98.00405883789062
2022-10-10,97.1896743774414
2022-10-11,96.51433563232422
2022-10-12,96.8917236328125
2022-10-13,98.38145446777344
2022-10-14,95.8985824584961
2022-10-17,99.28521728515625
2022-10-18,100.07974243164062
2022-10-19,98.94754028320312
2022-10-20,99.28521728515625
2022-10-21,100.43726348876953
2022-10-24,101.8177490234375
2022-10-25,103.76432800292969
2022-10-26,94.27973175048828
2022-10-27,91.58831024169922
2022-10-28,95.63042449951172
2022-10-31,93.86261749267578
2022-11-01,89.85030364990234
2022-11-02,86.374267578125
2022-11-03,82.8585205078125
2022-11-04,85.9869384765625
2022-11-07,87.88385772705078
2022-11-08,88.29105377197266
2022-11-09,86.72187042236328
2022-11-10,93.2965316772461
2022-11-11,95.7496109008789
2022-11-14,95.04446411132812
2022-11-15,97.76569366455078
2022-11-16,98.17288970947266
2022-11-17,97.68624877929688
2022-11-18,96.76261901855469
2022-11-21,94.94515228271484
2022-11-22,96.38522338867188
2022-11-23,97.78556060791016
2022-11-25,96.79241180419922
2022-11-28,95.3920669555664
2022-11-29,94.5379638671875
2022-11-30,100.29823303222656
2022-12-01,100.29823303222656
2022-12-02,99.75200653076172
2022-12-05,98.79857635498047
2022-12-06,96.31570434570312
2022-12-07,94.28968811035156
2022-12-08,93.06809997558594
2022-12-09,92.19413757324219
2022-12-12,92.67084503173828
2022-12-13,94.97494506835938
2022-12-14,94.41878509521484
2022-12-15,90.23760986328125
2022-12-16,89.6417236328125
2022-12-19,87.83419036865234
2022-12-20,88.41021728515625
2022-12-21,88.96638488769531
2022-12-22,87.15885925292969
2022-12-23,88.6187973022461
2022-12-27,86.79138946533203
2022-12-28,85.4307632446289
2022-12-29,87.84413146972656
2022-12-30,87.62564849853516
2023-01-03,88.50953674316406
2023-01-04,87.4766616821289
2023-01-05,85.60953521728516
2023-01-06,86.74172973632812
2023-01-09,87.41707611083984
2023-01-10,87.8143310546875
2023-01-11,90.8930892944336
2023-01-12,90.50577545166016
2023-01-13,91.48900604248047
2023-01-17,90.66468048095703
2023-01-18,90.49583435058594
2023-01-19,92.41262817382812
2023-01-20,97.34857940673828
2023-01-23,99.10646057128906
2023-01-24,97.03076934814453
2023-01-25,94.56775665283203
2023-01-26,96.85199737548828
2023-01-27,98.6893310546875
2023-01-30,96.2759780883789
2023-01-31,98.1629638671875
2023-02-01,99.7420654296875
2023-02-02,107.00199127197266
2023-02-03,104.06227111816406
2023-02-06,102.19515991210938
2023-02-07,106.90267944335938
2023-02-08,98.6893310546875
2023-02-09,94.35919952392578
2023-02-10,93.92221069335938
2023-02-13,93.96194458007812
2023-02-14,94.03146362304688
2023-02-15,96.2759780883789
2023-02-16,94.85577392578125
2023-02-17,93.70372009277344
2023-02-21,91.1612548828125
2023-02-22,91.022216796875
2023-02-23,90.26741790771484
2023-02-24,88.51947021484375
2023-02-27,89.25440216064453
2023-02-28,89.44310760498047
2023-03-01,89.74104309082031
2023-03-02,91.36981964111328
2023-03-03,93.00850677490234
2023-03-06,94.47837829589844
2023-03-07,93.21707153320312
2023-03-08,93.60440063476562
2023-03-09,91.6876220703125
2023-03-10,90.00920104980469
2023-03-13,90.48590850830078
2023-03-14,93.3263168334961
2023-03-15,95.45165252685547
2023-03-16,99.63282775878906
2023-03-17,100.9239273071289
2023-03-20,100.52666473388672
2023-03-21,104.20130920410156
2023-03-22,102.66193389892578
2023-03-23,104.87665557861328
2023-03-24,104.71775817871094
2023-03-27,101.75816345214844
2023-03-28,100.33795928955078
2023-03-29,100.69548034667969
2023-03-30,100.19892120361328
2023-03-31,103.01947021484375
2023-04-03,103.6451416015625
2023-04-04,104.00267791748047
2023-04-05,103.75440216064453
2023-04-06,107.67733001708984
2023-04-10,105.71090698242188
2023-04-11,104.62836456298828
2023-04-12,103.92322540283203
2023-04-13,106.69412994384766
2023-04-14,108.1242446899414
2023-04-17,105.24412536621094
2023-04-18,103.78418731689453
2023-04-19,103.46639251708984
2023-04-20,104.56877899169922
2023-04-21,104.68795776367188
2023-04-24,105.24412536621094
2023-04-25,103.1386489868164
2023-04-26,102.99960327148438
2023-04-27,106.85301971435547
2023-04-28,106.60472869873047
2023-05-01,106.46569061279297
2023-05-02,104.59857940673828
2023-05-03,104.68795776367188
2023-05-04,103.97289276123047
2023-05-05,104.84685516357422
2023-05-08,107.03178405761719
2023-05-09,106.61466979980469
2023-05-10,110.98452758789062
2023-05-11,115.77149963378906
2023-05-12,116.70507049560547
2023-05-15,115.71192169189453
2023-05-16,118.69137573242188
2023-05-17,120.01226806640625
2023-05-18,121.98863983154297
2023-05-19,121.91911315917969
2023-05-22,124.19342803955078
2023-05-23,121.7204818725586
2023-05-24,120.07185363769531
2023-05-25,122.63418579101562
2023-05-26,123.7564468383789
2023-05-30,122.82288360595703
2023-05-31,122.02835845947266
2023-06-01,122.87252807617188
2023-06-02,123.81602478027344
2023-06-05,125.14685821533203
2023-06-06,126.43794250488281
2023-06-07,121.66089630126953
2023-06-08,121.30335998535156
2023-06-09,121.39274597167969
2023-06-12,122.79307556152344
2023-06-13,122.9817886352539
2023-06-14,122.82288360595703
2023-06-15,124.233154296875
2023-06-16,122.683837890625
2023-06-20,122.25677490234375
2023-06-21,119.7242431640625
2023-06-22,122.30644989013672
2023-06-23,121.50198364257812
2023-06-26,117.52938842773438
2023-06-27,117.51946258544922
2023-06-28,119.3567886352539
2023-06-29,118.28417205810547
2023-06-30,118.88007354736328
2023-07-03,119.07870483398438
2023-07-05,120.91602325439453
2023-07-06,119.28726196289062
2023-07-07,118.66159057617188
2023-07-10,115.65232849121094
2023-07-11,116.33760833740234
2023-07-12,118.11534881591797
2023-07-13,123.68692779541016
2023-07-14,124.5608901977539
2023-07-17,123.7961654663086
2023-07-18,122.9122543334961
2023-07-19,121.19410705566406
2023-07-20,118.38349151611328
2023-07-21,119.1978759765625
2023-07-24,120.69754028320312
2023-07-25,121.37287902832031
2023-07-26,128.384521484375
2023-07-27,128.51361083984375
2023-07-28,131.67185974121094
2023-07-31,131.81088256835938
2023-08-01,130.64889526367188
2023-08-02,127.50060272216797
2023-08-03,127.57012176513672
2023-08-04,127.23246002197266
2023-08-07,130.6290283203125
2023-08-08,130.4999237060547
2023-08-09,128.77186584472656
2023-08-10,128.80165100097656
2023-08-11,128.67251586914062
2023-08-14,130.43040466308594
2023-08-15,128.89102172851562
2023-08-16,127.81842041015625
2023-08-17,129.03004455566406
2023-08-18,126.58690643310547
2023-08-21,127.49067687988281
2023-08-22,128.19583129882812
2023-08-23,131.4633026123047
2023-08-24,128.89102172851562
2023-08-25,128.9903564453125
2023-08-28,130.1125946044922
2023-08-29,133.6482391357422
2023-08-30,134.94923400878906
2023-08-31,135.2372589111328
2023-09-01,134.73077392578125
2023-09-05,134.8400115966797
2023-09-06,133.53897094726562
2023-09-07,134.33349609375
2023-09-08,135.44581604003906
2023-09-11,135.9821319580078
2023-09-12,134.41294860839844
2023-09-13,135.7735595703125
2023-09-14,137.154052734375
2023-09-15,136.4588165283203
2023-09-18,137.26327514648438
2023-09-19,137.0944366455078
2023-09-20,132.8238983154297
2023-09-21,129.54649353027344
2023-09-22,129.3577880859375
2023-09-25,130.21192932128906
2023-09-26,127.68931579589844
2023-09-27,129.6458282470703
2023-09-28,131.40370178222656
2023-09-29,129.963623046875
2023-10-02,133.25096130371094
2023-10-03,131.52284240722656
2023-10-04,134.31362915039062
2023-10-05,134.14479064941406
2023-10-06,136.63760375976562
2023-10-09,137.47183227539062
2023-10-10,137.1143035888672
2023-10-11,139.58726501464844
2023-10-12,138.01808166503906
2023-10-13,136.41909790039062
2023-10-16,138.1471710205078
2023-10-17,138.76292419433594
2023-10-18,137.01499938964844
2023-10-19,136.80642700195312
2023-10-20,134.67115783691406
2023-10-23,135.5649871826172
2023-10-24,137.85916137695312
2023-10-25,124.74959564208984
2023-10-26,121.44239044189453
2023-10-27,121.3331527709961
2023-10-30,123.60746002197266
2023-10-31,123.23007202148438
2023-11-01,125.5838394165039
2023-11-02,126.61670684814453
2023-11-03,128.21568298339844
2023-11-06,129.3577880859375
2023-11-07,130.07286071777344
2023-11-08,130.93690490722656
2023-11-09,129.34788513183594
2023-11-10,131.68177795410156
2023-11-13,131.18519592285156
2023-11-14,132.7047119140625
2023-11-15,133.6978759765625
2023-11-16,135.99205017089844
2023-11-17,134.38314819335938
2023-11-20,135.31671142578125
2023-11-21,136.0317840576172
2023-11-22,137.54136657714844
2023-11-24,135.75369262695312
2023-11-27,135.4756317138672
2023-11-28,136.2601776123047
2023-11-29,134.06533813476562
2023-11-30,131.6221923828125
2023-12-01,130.956787109375
2023-12-04,128.384521484375
2023-12-05,130.09275817871094
2023-12-06,129.12940979003906
2023-12-07,135.99205017089844
2023-12-08,134.06533813476562
2023-12-11,132.37698364257812
2023-12-12,131.6122589111328
2023-12-13,131.6619110107422
2023-12-14,131.03623962402344
2023-12-15,131.6917266845703
2023-12-18,134.86976623535156
2023-12-19,135.71397399902344
2023-12-20,137.3923797607422
2023-12-21,139.45814514160156
2023-12-22,140.52084350585938
2023-12-26,140.5506134033203
2023-12-27,139.4084930419922
2023-12-28,139.26943969726562
2023-12-29,138.733154296875
2024-01-02,137.2235565185547
2024-01-03,137.96841430664062
2024-01-04,135.4557342529297
2024-01-05,134.80026245117188
2024-01-08,137.88897705078125
2024-01-09,139.98451232910156
2024-01-10,141.30538940429688
2024-01-11,141.1067657470703
2024-01-12,141.67288208007812
2024-01-16,141.5139923095703
2024-01-17,140.50094604492188
2024-01-18,142.4971923828125
2024-01-19,145.3773193359375
2024-01-22,144.989990234375
2024-01-23,146.03282165527344
2024-01-24,147.68142700195312
2024-01-25,150.82969665527344
2024-01-26,151.14752197265625
2024-01-29,152.45848083496094
2024-01-30,150.42251586914062
2024-01-31,139.14035034179688
2024-02-01,140.1930694580078
2024-02-02,141.4047088623047
2024-02-05,142.69581604003906
2024-02-06,143.11294555664062
2024-02-07,144.54307556152344
2024-02-08,144.91053771972656
2024-02-09,147.9793701171875
2024-02-12,146.51943969726562
2024-02-13,144.1458282470703
2024-02-14,144.94032287597656
2024-02-15,141.79205322265625
2024-02-16,139.5574493408203
2024-02-20,140.15333557128906
2024-02-21,141.57354736328125
2024-02-22,143.1029815673828
2024-02-23,142.9739227294922
2024-02-26,136.627685546875
2024-02-27,137.92868041992188
2024-02-28,135.44581604003906
2024-02-29,137.51158142089844
2024-03-01,136.20062255859375
2024-03-04,132.4365997314453
2024-03-05,131.76121520996094
2024-03-06,130.4999237060547
2024-03-07,133.4595184326172
2024-03-08,134.48245239257812
2024-03-11,136.7269744873047
2024-03-12,137.55126953125
2024-03-13,138.83245849609375
2024-03-14,142.1197967529297
2024-03-15,140.2129364013672
2024-03-18,146.66839599609375
2024-03-19,146.0228271484375
2024-03-20,147.72116088867188
2024-03-21,146.58895874023438
2024-03-22,149.73724365234375
2024-03-25,149.04205322265625
2024-03-26,149.63792419433594
2024-03-27,149.8365478515625
2024-03-28,149.89614868164062
2024-04-01,154.42494201660156
2024-04-02,153.50128173828125
2024-04-03,153.8588104248047
2024-04-04,149.49888610839844
2024-04-05,151.45538330078125
2024-04-08,153.789306640625
2024-04-09,155.52732849121094
2024-04-10,155.0704803466797
2024-04-11,158.3180694580078
2024-04-12,156.64956665039062
2024-04-15,153.79922485351562
2024-04-16,153.34237670898438
2024-04-17,154.40505981445312
2024-04-18,154.94134521484375
2024-04-19,153.03448486328125
2024-04-22,155.2095184326172
2024-04-23,157.1759490966797
2024-04-24,158.0399932861328
2024-04-25,154.9314422607422
2024-04-26,170.7721710205078
2024-04-29,165.01190185546875
2024-04-30,161.6649932861328
2024-05-01,162.7375946044922
2024-05-02,165.47866821289062
2024-05-03,166.0944366455078
2024-05-06,166.9485626220703
2024-05-07,170.07696533203125
2024-05-08,168.2197723388672
2024-05-09,168.79580688476562
2024-05-10,167.49476623535156
2024-05-13,167.98141479492188
2024-05-14,169.17318725585938
2024-05-15,171.3283233642578
2024-05-16,172.98687744140625
2024-05-17,174.85400390625
2024-05-20,175.70811462402344
2024-05-21,176.6317901611328
2024-05-22,175.17185974121094
2024-05-23,172.3612060546875
2024-05-24,173.7913360595703
2024-05-28,175.19166564941406
2024-05-29,174.6951141357422
2024-05-30,170.9310760498047
2024-05-31,171.31842041015625
2024-06-03,171.98382568359375
2024-06-04,172.59954833984375
2024-06-05,174.20846557617188
2024-06-06,175.5194091796875
2024-06-07,173.2649688720703
2024-06-10,174.0106964111328
2024-06-11,175.6114959716797
2024-06-12,176.77479553222656
2024-06-13,174.15985107421875
2024-06-14,175.78053283691406
2024-06-17,176.22796630859375
2024-06-18,174.09024047851562
2024-06-20,175.29331970214844
2024-06-21,178.6043243408203
2024-06-24,178.1966552734375
2024-06-25,182.9792022705078
2024-06-26,182.83004760742188
2024-06-27,184.35130310058594
2024-06-28,181.1099090576172
2024-07-01,181.9451446533203
2024-07-02,184.18228149414062
2024-07-03,184.75897216796875
2024-07-05,189.51170349121094
2024-07-08,187.9506378173828
2024-07-09,187.90093994140625
2024-07-10,190.08834838867188
2024-07-11,184.51039123535156
2024-07-12,184.01324462890625
2024-07-15,185.4648895263672
2024-07-16,182.86981201171875
2024-07-17,179.9863739013672
2024-07-18,176.67538452148438
2024-07-19,176.64556884765625
2024-07-22,180.63265991210938
2024-07-23,180.751953125
2024-07-24,171.64427185058594
2024-07-25,166.32484436035156
2024-07-26,166.0464324951172
2024-07-29,168.5619659423828
2024-07-30,169.31764221191406
2024-07-31,170.5605010986328
2024-08-01,169.78494262695312
2024-08-02,165.7083740234375
2024-08-05,158.34068298339844
2024-08-06,157.3861541748047
2024-08-07,158.03244018554688
2024-08-08,161.10479736328125
2024-08-09,162.73544311523438
2024-08-12,161.36331176757812
2024-08-13,163.22264099121094
2024-08-14,159.4542694091797
2024-08-15,160.37896728515625
2024-08-16,162.0294952392578
2024-08-19,165.71832275390625
2024-08-20,166.2253875732422
2024-08-21,164.90301513671875
2024-08-22,162.86468505859375
2024-08-23,164.67430114746094
2024-08-26,165.2112274169922
2024-08-27,163.7396697998047
2024-08-28,161.92013549804688
2024-08-29,160.85623168945312
2024-08-30,162.44711303710938
2024-09-03,156.4614715576172
2024-09-04,155.55665588378906
2024-09-05,156.3421630859375
2024-09-06,150.05824279785156
2024-09-09,148.05706787109375
2024-09-10,148.0072784423828
2024-09-11,150.49632263183594
2024-09-12,154.01080322265625
2024-09-13,156.76864624023438
2024-09-16,157.3660125732422
2024-09-17,158.62049865722656
2024-09-18,159.10833740234375
2024-09-19,161.42811584472656
2024-09-20,162.87173461914062
2024-09-23,161.13938903808594
2024-09-24,161.5774383544922
2024-09-25,160.7809600830078
2024-09-26,162.0155029296875
2024-09-27,163.23016357421875
2024-09-30,165.121826171875
2024-10-01,166.25680541992188
2024-10-02,165.13177490234375
2024-10-03,165.13177490234375
2024-10-04,166.3264923095703
2024-10-07,162.264404296875
2024-10-08,163.6582794189453
2024-10-09,161.1493377685547
2024-10-10,161.3683624267578
2024-10-11,162.5232696533203
2024-10-14,164.23573303222656
2024-10-15,164.7335205078125
2024-10-16,164.43482971191406
2024-10-17,162.21461486816406
2024-10-18,162.70248413085938
2024-10-21,163.34963989257812
2024-10-22,164.41493225097656
2024-10-23,162.06529235839844
2024-10-24,162.00555419921875
2024-10-25,164.5443572998047
2024-10-28,165.98800659179688
2024-10-29,168.93499755859375
2024-10-30,173.69400024414062
2024-10-31,170.3587188720703
2024-11-01,170.53790283203125
2024-11-04,168.49693298339844
2024-11-05,168.99473571777344
2024-11-06,175.73501586914062
2024-11-07,179.95639038085938
2024-11-08,177.56692504882812
2024-11-11,179.55813598632812
2024-11-12,180.82257080078125
2024-11-13,178.09458923339844
2024-11-14,174.80908203125
2024-11-15,171.732666015625
2024-11-18,174.5303192138672
2024-11-19,177.33792114257812
2024-11-20,175.2073211669922
2024-11-21,166.8939971923828
2024-11-22,164.03659057617188
2024-11-25,166.9138946533203
2024-11-26,168.37744140625
2024-11-27,168.4869842529297
2024-11-29,168.2082061767578
2024-12-02,170.737060546875
2024-12-03,170.58770751953125
2024-12-04,173.60440063476562
2024-12-05,171.88198852539062
2024-12-06,173.9429168701172
2024-12-09,174.8001251220703
2024-12-10,184.56826782226562
2024-12-11,194.76502990722656
2024-12-12,191.33621215820312
2024-12-13,189.20315551757812
2024-12-16,196.02093505859375
2024-12-17,194.7849578857422
2024-12-18,187.7877655029297
2024-12-19,187.8974151611328
2024-12-20,190.78797912597656
2024-12-23,193.99754333496094
2024-12-24,195.4727325439453
2024-12-26,194.96438598632812
2024-12-27,192.1335906982422
2024-12-30,190.61854553222656
2024-12-31,188.6848602294922
